timestamp,action,component,path,status,details
2025-05-18 13:08:37,INFO,AAR,"/home/john/Documents/GitHub/TM-SGNL-Android/app/libs/androidcopysdk-signal-debug.aar","FOUND",""
2025-05-18 13:08:37,INFO,AAR,"/home/john/Documents/GitHub/TM-SGNL-Android/app/libs/androidcopysdk-signal-release.aar","FOUND",""
2025-05-18 13:08:37,INFO,AAR,"/home/john/Documents/GitHub/TM-SGNL-Android/app/libs/authenticatorsdk-signal-debug.aar","FOUND",""
2025-05-18 13:08:37,INFO,AAR,"/home/john/Documents/GitHub/TM-SGNL-Android/app/libs/authenticatorsdk-signal-release.aar","FOUND",""
2025-05-18 13:08:37,INFO,AAR,"/home/john/Documents/GitHub/TM-SGNL-Android/app/libs/common-debug.aar","FOUND",""
2025-05-18 13:08:37,INFO,AAR,"/home/john/Documents/GitHub/TM-SGNL-Android/app/libs/common-release.aar","FOUND",""
2025-05-18 13:08:37,INFO,AAR,"/home/john/Documents/GitHub/TM-SGNL-Android/app/libs/androidcopysdk-signal-debug.aar","REMOVED",""
2025-05-18 13:08:37,INFO,AAR,"/home/john/Documents/GitHub/TM-SGNL-Android/app/libs/androidcopysdk-signal-release.aar","REMOVED",""
2025-05-18 13:08:37,INFO,AAR,"/home/john/Documents/GitHub/TM-SGNL-Android/app/libs/authenticatorsdk-signal-debug.aar","REMOVED",""
2025-05-18 13:08:37,INFO,AAR,"/home/john/Documents/GitHub/TM-SGNL-Android/app/libs/authenticatorsdk-signal-release.aar","REMOVED",""
2025-05-18 13:08:37,INFO,AAR,"/home/john/Documents/GitHub/TM-SGNL-Android/app/libs/common-debug.aar","REMOVED",""
2025-05-18 13:08:37,INFO,AAR,"/home/john/Documents/GitHub/TM-SGNL-Android/app/libs/common-release.aar","REMOVED",""
2025-05-18 13:08:37,INFO,BUILD,"/home/john/Documents/GitHub/TM-SGNL-Android/app/build.gradle.kts","CHECKING",""
2025-05-18 13:08:37,INFO,BUILD,"/home/john/Documents/GitHub/TM-SGNL-Android/app/build.gradle.kts","UPDATED","Removed TeleMessage dependencies"
2025-05-18 13:08:37,INFO,BUILD,"/home/john/Documents/GitHub/TM-SGNL-Android/build.gradle.kts","CHECKING",""
2025-05-18 13:08:37,INFO,BUILD,"/home/john/Documents/GitHub/TM-SGNL-Android/build.gradle.kts","UNCHANGED","No dependencies found"
2025-05-18 13:08:37,INFO,BUILD,"/home/john/Documents/GitHub/TM-SGNL-Android/settings.gradle.kts","CHECKING",""
2025-05-18 13:08:37,INFO,BUILD,"/home/john/Documents/GitHub/TM-SGNL-Android/settings.gradle.kts","UNCHANGED","No dependencies found"
2025-05-18 13:08:37,INFO,SOURCE,"app/src/tm/java/org/archiver","REMOVED","Entire directory"
2025-05-18 13:08:37,INFO,SOURCE,"/home/john/Documents/GitHub/TM-SGNL-Android/app/src/main/java/org/tm/archive/components/settings/app/AppSettingsFragment.kt","FOUND",""
2025-05-18 13:08:37,INFO,SOURCE,"/home/john/Documents/GitHub/TM-SGNL-Android/app/src/main/java/org/tm/archive/components/settings/app/AppSettingsFragment.kt","REMOVED","Archiver-specific file"
2025-05-18 13:08:37,INFO,SOURCE,"/home/john/Documents/GitHub/TM-SGNL-Android/app/src/main/java/org/tm/archive/database/SignalDatabase.kt","FOUND",""
2025-05-18 13:08:37,INFO,SOURCE,"/home/john/Documents/GitHub/TM-SGNL-Android/app/src/main/java/org/tm/archive/database/SignalDatabase.kt","REMOVED","Archiver-specific file"
2025-05-18 13:08:37,INFO,SOURCE,"/home/john/Documents/GitHub/TM-SGNL-Android/app/src/main/java/org/tm/archive/keyvalue/MiscellaneousValues.kt","FOUND",""
2025-05-18 13:08:37,INFO,SOURCE,"/home/john/Documents/GitHub/TM-SGNL-Android/app/src/main/java/org/tm/archive/keyvalue/MiscellaneousValues.kt","REMOVED","Archiver-specific file"
2025-05-18 13:08:37,INFO,SOURCE,"/home/john/Documents/GitHub/TM-SGNL-Android/app/src/main/java/org/tm/archive/keyvalue/SignalStore.java","FOUND",""
2025-05-18 13:08:37,INFO,SOURCE,"/home/john/Documents/GitHub/TM-SGNL-Android/app/src/main/java/org/tm/archive/keyvalue/SignalStore.java","MODIFIED","Removed references"
2025-05-18 13:08:37,INFO,SOURCE,"/home/john/Documents/GitHub/TM-SGNL-Android/app/src/main/java/org/tm/archive/preferences/EditProxyFragment.java","FOUND",""
2025-05-18 13:08:37,INFO,SOURCE,"/home/john/Documents/GitHub/TM-SGNL-Android/app/src/main/java/org/tm/archive/preferences/EditProxyFragment.java","MODIFIED","Removed references"
2025-05-18 13:08:37,INFO,SOURCE,"/home/john/Documents/GitHub/TM-SGNL-Android/app/src/main/java/org/tm/archive/registration/fragments/WelcomeFragment.java","FOUND",""
2025-05-18 13:08:37,INFO,SOURCE,"/home/john/Documents/GitHub/TM-SGNL-Android/app/src/main/java/org/tm/archive/registration/fragments/WelcomeFragment.java","MODIFIED","Removed references"
2025-05-18 13:08:37,INFO,SOURCE,"/home/john/Documents/GitHub/TM-SGNL-Android/app/src/tm/java/org/selfAuthentication/SelfAuthenticationDialogBuilder.kt","FOUND",""
2025-05-18 13:08:37,INFO,SOURCE,"/home/john/Documents/GitHub/TM-SGNL-Android/app/src/tm/java/org/selfAuthentication/SelfAuthenticationDialogBuilder.kt","REMOVED","Archiver-specific file"
2025-05-18 13:08:37,INFO,SOURCE,"/home/john/Documents/GitHub/TM-SGNL-Android/app/src/tm/java/org/selfAuthentication/SelfAuthenticatorManager.kt","FOUND",""
2025-05-18 13:08:37,INFO,SOURCE,"/home/john/Documents/GitHub/TM-SGNL-Android/app/src/tm/java/org/selfAuthentication/SelfAuthenticatorManager.kt","MODIFIED","Removed references"
2025-05-18 13:08:37,INFO,SOURCE,"/home/john/Documents/GitHub/TM-SGNL-Android/app/src/tm/java/org/tm/archive/TeleMessageSignalApplication.kt","FOUND",""
2025-05-18 13:08:37,INFO,SOURCE,"/home/john/Documents/GitHub/TM-SGNL-Android/app/src/tm/java/org/tm/archive/TeleMessageSignalApplication.kt","REMOVED","Archiver-specific file"
2025-05-18 13:08:37,INFO,SOURCE,"/home/john/Documents/GitHub/TM-SGNL-Android/app/src/tm/java/org/tm/archive/conversationlist/ConversationListFragment.kt","FOUND",""
2025-05-18 13:08:37,INFO,SOURCE,"/home/john/Documents/GitHub/TM-SGNL-Android/app/src/tm/java/org/tm/archive/conversationlist/ConversationListFragment.kt","REMOVED","Archiver-specific file"
2025-05-18 13:08:37,INFO,SOURCE,"/home/john/Documents/GitHub/TM-SGNL-Android/app/src/tm/java/org/tm/archive/keyvalue/TeleMessageMiscellaneousValues.kt","FOUND",""
2025-05-18 13:08:37,INFO,SOURCE,"/home/john/Documents/GitHub/TM-SGNL-Android/app/src/tm/java/org/tm/archive/keyvalue/TeleMessageMiscellaneousValues.kt","MODIFIED","Removed references"
2025-05-18 13:08:37,INFO,SOURCE,"/home/john/Documents/GitHub/TM-SGNL-Android/app/src/tm/java/org/tm/archive/registration/fragments/TMEnterPhoneNumberFragment.kt","FOUND",""
2025-05-18 13:08:37,INFO,SOURCE,"/home/john/Documents/GitHub/TM-SGNL-Android/app/src/tm/java/org/tm/archive/registration/fragments/TMEnterPhoneNumberFragment.kt","REMOVED","Archiver-specific file"
2025-05-18 13:08:37,INFO,CONFIG,"/home/john/Documents/GitHub/TM-SGNL-Android/backup_telemessage_20250518_130837/app/src/tm/java/archiver/ArchiveConstants.kt","REMOVED",""
2025-05-18 13:08:37,INFO,UI,"/home/john/Documents/GitHub/TM-SGNL-Android/app/src/instrumentation/res/values/strings.xml","MODIFIED","Removed TeleMessage strings"
2025-05-18 13:08:37,INFO,UI,"/home/john/Documents/GitHub/TM-SGNL-Android/app/src/main/res/values-af/strings.xml","MODIFIED","Removed TeleMessage strings"
2025-05-18 13:08:37,INFO,UI,"/home/john/Documents/GitHub/TM-SGNL-Android/app/src/main/res/values-ar/strings.xml","MODIFIED","Removed TeleMessage strings"
2025-05-18 13:08:37,INFO,UI,"/home/john/Documents/GitHub/TM-SGNL-Android/app/src/main/res/values-az/strings.xml","MODIFIED","Removed TeleMessage strings"
2025-05-18 13:08:37,INFO,UI,"/home/john/Documents/GitHub/TM-SGNL-Android/app/src/main/res/values-bg/strings.xml","MODIFIED","Removed TeleMessage strings"
2025-05-18 13:08:37,INFO,UI,"/home/john/Documents/GitHub/TM-SGNL-Android/app/src/main/res/values-bn/strings.xml","MODIFIED","Removed TeleMessage strings"
2025-05-18 13:08:37,INFO,UI,"/home/john/Documents/GitHub/TM-SGNL-Android/app/src/main/res/values-bs/strings.xml","MODIFIED","Removed TeleMessage strings"
2025-05-18 13:08:37,INFO,UI,"/home/john/Documents/GitHub/TM-SGNL-Android/app/src/main/res/values-ca/strings.xml","MODIFIED","Removed TeleMessage strings"
2025-05-18 13:08:38,INFO,UI,"/home/john/Documents/GitHub/TM-SGNL-Android/app/src/main/res/values-cs/strings.xml","MODIFIED","Removed TeleMessage strings"
2025-05-18 13:08:38,INFO,UI,"/home/john/Documents/GitHub/TM-SGNL-Android/app/src/main/res/values-da/strings.xml","MODIFIED","Removed TeleMessage strings"
2025-05-18 13:08:38,INFO,UI,"/home/john/Documents/GitHub/TM-SGNL-Android/app/src/main/res/values-de/strings.xml","MODIFIED","Removed TeleMessage strings"
2025-05-18 13:08:38,INFO,UI,"/home/john/Documents/GitHub/TM-SGNL-Android/app/src/main/res/values-el/strings.xml","MODIFIED","Removed TeleMessage strings"
2025-05-18 13:08:38,INFO,UI,"/home/john/Documents/GitHub/TM-SGNL-Android/app/src/main/res/values-es/strings.xml","MODIFIED","Removed TeleMessage strings"
2025-05-18 13:08:38,INFO,UI,"/home/john/Documents/GitHub/TM-SGNL-Android/app/src/main/res/values-et/strings.xml","MODIFIED","Removed TeleMessage strings"
2025-05-18 13:08:38,INFO,UI,"/home/john/Documents/GitHub/TM-SGNL-Android/app/src/main/res/values-eu/strings.xml","MODIFIED","Removed TeleMessage strings"
2025-05-18 13:08:38,INFO,UI,"/home/john/Documents/GitHub/TM-SGNL-Android/app/src/main/res/values-fa/strings.xml","MODIFIED","Removed TeleMessage strings"
2025-05-18 13:08:38,INFO,UI,"/home/john/Documents/GitHub/TM-SGNL-Android/app/src/main/res/values-fi/strings.xml","MODIFIED","Removed TeleMessage strings"
2025-05-18 13:08:38,INFO,UI,"/home/john/Documents/GitHub/TM-SGNL-Android/app/src/main/res/values-fr/strings.xml","MODIFIED","Removed TeleMessage strings"
2025-05-18 13:08:38,INFO,UI,"/home/john/Documents/GitHub/TM-SGNL-Android/app/src/main/res/values-ga/strings.xml","MODIFIED","Removed TeleMessage strings"
2025-05-18 13:08:38,INFO,UI,"/home/john/Documents/GitHub/TM-SGNL-Android/app/src/main/res/values-gl/strings.xml","MODIFIED","Removed TeleMessage strings"
2025-05-18 13:08:38,INFO,UI,"/home/john/Documents/GitHub/TM-SGNL-Android/app/src/main/res/values-gu/strings.xml","MODIFIED","Removed TeleMessage strings"
2025-05-18 13:08:38,INFO,UI,"/home/john/Documents/GitHub/TM-SGNL-Android/app/src/main/res/values-hi/strings.xml","MODIFIED","Removed TeleMessage strings"
2025-05-18 13:08:38,INFO,UI,"/home/john/Documents/GitHub/TM-SGNL-Android/app/src/main/res/values-hr/strings.xml","MODIFIED","Removed TeleMessage strings"
2025-05-18 13:08:38,INFO,UI,"/home/john/Documents/GitHub/TM-SGNL-Android/app/src/main/res/values-hu/strings.xml","MODIFIED","Removed TeleMessage strings"
2025-05-18 13:08:38,INFO,UI,"/home/john/Documents/GitHub/TM-SGNL-Android/app/src/main/res/values-in/strings.xml","MODIFIED","Removed TeleMessage strings"
2025-05-18 13:08:38,INFO,UI,"/home/john/Documents/GitHub/TM-SGNL-Android/app/src/main/res/values-it/strings.xml","MODIFIED","Removed TeleMessage strings"
2025-05-18 13:08:38,INFO,UI,"/home/john/Documents/GitHub/TM-SGNL-Android/app/src/main/res/values-iw/strings.xml","MODIFIED","Removed TeleMessage strings"
2025-05-18 13:08:38,INFO,UI,"/home/john/Documents/GitHub/TM-SGNL-Android/app/src/main/res/values-ja/strings.xml","MODIFIED","Removed TeleMessage strings"
2025-05-18 13:08:38,INFO,UI,"/home/john/Documents/GitHub/TM-SGNL-Android/app/src/main/res/values-ka/strings.xml","MODIFIED","Removed TeleMessage strings"
2025-05-18 13:08:38,INFO,UI,"/home/john/Documents/GitHub/TM-SGNL-Android/app/src/main/res/values-kk/strings.xml","MODIFIED","Removed TeleMessage strings"
2025-05-18 13:08:38,INFO,UI,"/home/john/Documents/GitHub/TM-SGNL-Android/app/src/main/res/values-km/strings.xml","MODIFIED","Removed TeleMessage strings"
2025-05-18 13:08:38,INFO,UI,"/home/john/Documents/GitHub/TM-SGNL-Android/app/src/main/res/values-kn/strings.xml","MODIFIED","Removed TeleMessage strings"
2025-05-18 13:08:38,INFO,UI,"/home/john/Documents/GitHub/TM-SGNL-Android/app/src/main/res/values-ko/strings.xml","MODIFIED","Removed TeleMessage strings"
2025-05-18 13:08:38,INFO,UI,"/home/john/Documents/GitHub/TM-SGNL-Android/app/src/main/res/values-ky/strings.xml","MODIFIED","Removed TeleMessage strings"
2025-05-18 13:08:38,INFO,UI,"/home/john/Documents/GitHub/TM-SGNL-Android/app/src/main/res/values-lt/strings.xml","MODIFIED","Removed TeleMessage strings"
2025-05-18 13:08:38,INFO,UI,"/home/john/Documents/GitHub/TM-SGNL-Android/app/src/main/res/values-lv/strings.xml","MODIFIED","Removed TeleMessage strings"
2025-05-18 13:08:38,INFO,UI,"/home/john/Documents/GitHub/TM-SGNL-Android/app/src/main/res/values-mk/strings.xml","MODIFIED","Removed TeleMessage strings"
2025-05-18 13:08:38,INFO,UI,"/home/john/Documents/GitHub/TM-SGNL-Android/app/src/main/res/values-ml/strings.xml","MODIFIED","Removed TeleMessage strings"
2025-05-18 13:08:38,INFO,UI,"/home/john/Documents/GitHub/TM-SGNL-Android/app/src/main/res/values-mr/strings.xml","MODIFIED","Removed TeleMessage strings"
2025-05-18 13:08:38,INFO,UI,"/home/john/Documents/GitHub/TM-SGNL-Android/app/src/main/res/values-ms/strings.xml","MODIFIED","Removed TeleMessage strings"
2025-05-18 13:08:38,INFO,UI,"/home/john/Documents/GitHub/TM-SGNL-Android/app/src/main/res/values-my/strings.xml","MODIFIED","Removed TeleMessage strings"
2025-05-18 13:08:38,INFO,UI,"/home/john/Documents/GitHub/TM-SGNL-Android/app/src/main/res/values-nb/strings.xml","MODIFIED","Removed TeleMessage strings"
2025-05-18 13:08:38,INFO,UI,"/home/john/Documents/GitHub/TM-SGNL-Android/app/src/main/res/values-nl/strings.xml","MODIFIED","Removed TeleMessage strings"
2025-05-18 13:08:38,INFO,UI,"/home/john/Documents/GitHub/TM-SGNL-Android/app/src/main/res/values-pa/strings.xml","MODIFIED","Removed TeleMessage strings"
2025-05-18 13:08:38,INFO,UI,"/home/john/Documents/GitHub/TM-SGNL-Android/app/src/main/res/values-pl/strings.xml","MODIFIED","Removed TeleMessage strings"
2025-05-18 13:08:38,INFO,UI,"/home/john/Documents/GitHub/TM-SGNL-Android/app/src/main/res/values-pt-rBR/strings.xml","MODIFIED","Removed TeleMessage strings"
2025-05-18 13:08:38,INFO,UI,"/home/john/Documents/GitHub/TM-SGNL-Android/app/src/main/res/values-pt/strings.xml","MODIFIED","Removed TeleMessage strings"
2025-05-18 13:08:38,INFO,UI,"/home/john/Documents/GitHub/TM-SGNL-Android/app/src/main/res/values-ro/strings.xml","MODIFIED","Removed TeleMessage strings"
2025-05-18 13:08:38,INFO,UI,"/home/john/Documents/GitHub/TM-SGNL-Android/app/src/main/res/values-ru/strings.xml","MODIFIED","Removed TeleMessage strings"
2025-05-18 13:08:38,INFO,UI,"/home/john/Documents/GitHub/TM-SGNL-Android/app/src/main/res/values-sk/strings.xml","MODIFIED","Removed TeleMessage strings"
2025-05-18 13:08:38,INFO,UI,"/home/john/Documents/GitHub/TM-SGNL-Android/app/src/main/res/values-sl/strings.xml","MODIFIED","Removed TeleMessage strings"
2025-05-18 13:08:38,INFO,UI,"/home/john/Documents/GitHub/TM-SGNL-Android/app/src/main/res/values-sq/strings.xml","MODIFIED","Removed TeleMessage strings"
2025-05-18 13:08:38,INFO,UI,"/home/john/Documents/GitHub/TM-SGNL-Android/app/src/main/res/values-sr/strings.xml","MODIFIED","Removed TeleMessage strings"
2025-05-18 13:08:38,INFO,UI,"/home/john/Documents/GitHub/TM-SGNL-Android/app/src/main/res/values-sv/strings.xml","MODIFIED","Removed TeleMessage strings"
2025-05-18 13:08:38,INFO,UI,"/home/john/Documents/GitHub/TM-SGNL-Android/app/src/main/res/values-sw/strings.xml","MODIFIED","Removed TeleMessage strings"
2025-05-18 13:08:38,INFO,UI,"/home/john/Documents/GitHub/TM-SGNL-Android/app/src/main/res/values-ta/strings.xml","MODIFIED","Removed TeleMessage strings"
2025-05-18 13:08:38,INFO,UI,"/home/john/Documents/GitHub/TM-SGNL-Android/app/src/main/res/values-te/strings.xml","MODIFIED","Removed TeleMessage strings"
2025-05-18 13:08:38,INFO,UI,"/home/john/Documents/GitHub/TM-SGNL-Android/app/src/main/res/values-th/strings.xml","MODIFIED","Removed TeleMessage strings"
2025-05-18 13:08:38,INFO,UI,"/home/john/Documents/GitHub/TM-SGNL-Android/app/src/main/res/values-tl/strings.xml","MODIFIED","Removed TeleMessage strings"
2025-05-18 13:08:38,INFO,UI,"/home/john/Documents/GitHub/TM-SGNL-Android/app/src/main/res/values-tr/strings.xml","MODIFIED","Removed TeleMessage strings"
2025-05-18 13:08:38,INFO,UI,"/home/john/Documents/GitHub/TM-SGNL-Android/app/src/main/res/values-ug/strings.xml","MODIFIED","Removed TeleMessage strings"
2025-05-18 13:08:38,INFO,UI,"/home/john/Documents/GitHub/TM-SGNL-Android/app/src/main/res/values-uk/strings.xml","MODIFIED","Removed TeleMessage strings"
2025-05-18 13:08:38,INFO,UI,"/home/john/Documents/GitHub/TM-SGNL-Android/app/src/main/res/values-ur/strings.xml","MODIFIED","Removed TeleMessage strings"
2025-05-18 13:08:38,INFO,UI,"/home/john/Documents/GitHub/TM-SGNL-Android/app/src/main/res/values-vi/strings.xml","MODIFIED","Removed TeleMessage strings"
2025-05-18 13:08:38,INFO,UI,"/home/john/Documents/GitHub/TM-SGNL-Android/app/src/main/res/values-yue/strings.xml","MODIFIED","Removed TeleMessage strings"
2025-05-18 13:08:38,INFO,UI,"/home/john/Documents/GitHub/TM-SGNL-Android/app/src/main/res/values-zh-rCN/strings.xml","MODIFIED","Removed TeleMessage strings"
2025-05-18 13:08:38,INFO,UI,"/home/john/Documents/GitHub/TM-SGNL-Android/app/src/main/res/values-zh-rHK/strings.xml","MODIFIED","Removed TeleMessage strings"
2025-05-18 13:08:38,INFO,UI,"/home/john/Documents/GitHub/TM-SGNL-Android/app/src/main/res/values-zh-rTW/strings.xml","MODIFIED","Removed TeleMessage strings"
2025-05-18 13:08:38,INFO,UI,"/home/john/Documents/GitHub/TM-SGNL-Android/app/src/main/res/values/strings.xml","MODIFIED","Removed TeleMessage strings"
2025-05-18 13:08:38,INFO,UI,"/home/john/Documents/GitHub/TM-SGNL-Android/app/src/nightlyStaging/res/values/strings.xml","MODIFIED","Removed TeleMessage strings"
2025-05-18 13:08:38,INFO,UI,"/home/john/Documents/GitHub/TM-SGNL-Android/app/src/staging/res/values/strings.xml","MODIFIED","Removed TeleMessage strings"
2025-05-18 13:08:38,INFO,UI,"/home/john/Documents/GitHub/TM-SGNL-Android/app/src/tm/res/values-es/strings.xml","MODIFIED","Removed TeleMessage strings"
2025-05-18 13:08:39,INFO,UI,"/home/john/Documents/GitHub/TM-SGNL-Android/app/src/tm/res/values-iw/strings.xml","MODIFIED","Removed TeleMessage strings"
2025-05-18 13:08:39,INFO,UI,"/home/john/Documents/GitHub/TM-SGNL-Android/app/src/tm/res/values-ja/strings.xml","MODIFIED","Removed TeleMessage strings"
2025-05-18 13:08:39,INFO,UI,"/home/john/Documents/GitHub/TM-SGNL-Android/app/src/tm/res/values/strings.xml","MODIFIED","Removed TeleMessage strings"
2025-05-18 13:08:39,INFO,UI,"/home/john/Documents/GitHub/TM-SGNL-Android/app/src/main/res/layout/activity_contact_name_edit.xml","MODIFIED","Removed TeleMessage references"
2025-05-18 13:08:39,INFO,UI,"/home/john/Documents/GitHub/TM-SGNL-Android/app/src/main/res/layout/activity_place_picker.xml","MODIFIED","Removed TeleMessage references"
2025-05-18 13:08:39,INFO,UI,"/home/john/Documents/GitHub/TM-SGNL-Android/app/src/main/res/layout/activity_shared_contact_details.xml","MODIFIED","Removed TeleMessage references"
2025-05-18 13:08:39,INFO,UI,"/home/john/Documents/GitHub/TM-SGNL-Android/app/src/main/res/layout/add_group_details_fragment.xml","MODIFIED","Removed TeleMessage references"
2025-05-18 13:08:39,INFO,UI,"/home/john/Documents/GitHub/TM-SGNL-Android/app/src/main/res/layout/add_members_activity.xml","MODIFIED","Removed TeleMessage references"
2025-05-18 13:08:39,INFO,UI,"/home/john/Documents/GitHub/TM-SGNL-Android/app/src/main/res/layout/add_to_group_activity.xml","MODIFIED","Removed TeleMessage references"
2025-05-18 13:08:39,INFO,UI,"/home/john/Documents/GitHub/TM-SGNL-Android/app/src/main/res/layout/album_thumbnail_2.xml","MODIFIED","Removed TeleMessage references"
2025-05-18 13:08:39,INFO,UI,"/home/john/Documents/GitHub/TM-SGNL-Android/app/src/main/res/layout/album_thumbnail_3.xml","MODIFIED","Removed TeleMessage references"
2025-05-18 13:08:39,INFO,UI,"/home/john/Documents/GitHub/TM-SGNL-Android/app/src/main/res/layout/album_thumbnail_4.xml","MODIFIED","Removed TeleMessage references"
2025-05-18 13:08:39,INFO,UI,"/home/john/Documents/GitHub/TM-SGNL-Android/app/src/main/res/layout/album_thumbnail_5.xml","MODIFIED","Removed TeleMessage references"
2025-05-18 13:08:39,INFO,UI,"/home/john/Documents/GitHub/TM-SGNL-Android/app/src/main/res/layout/album_thumbnail_many.xml","MODIFIED","Removed TeleMessage references"
2025-05-18 13:08:39,INFO,UI,"/home/john/Documents/GitHub/TM-SGNL-Android/app/src/main/res/layout/attachment_keyboad_media_item.xml","MODIFIED","Removed TeleMessage references"
2025-05-18 13:08:39,INFO,UI,"/home/john/Documents/GitHub/TM-SGNL-Android/app/src/main/res/layout/attachment_keyboard_button_item.xml","MODIFIED","Removed TeleMessage references"
2025-05-18 13:08:39,INFO,UI,"/home/john/Documents/GitHub/TM-SGNL-Android/app/src/main/res/layout/attachment_keyboard_fragment.xml","MODIFIED","Removed TeleMessage references"
2025-05-18 13:08:39,INFO,UI,"/home/john/Documents/GitHub/TM-SGNL-Android/app/src/main/res/layout/audio_view.xml","MODIFIED","Removed TeleMessage references"
2025-05-18 13:08:39,INFO,UI,"/home/john/Documents/GitHub/TM-SGNL-Android/app/src/main/res/layout/audio_view_circle.xml","MODIFIED","Removed TeleMessage references"
2025-05-18 13:08:39,INFO,UI,"/home/john/Documents/GitHub/TM-SGNL-Android/app/src/main/res/layout/audio_view_circle_small.xml","MODIFIED","Removed TeleMessage references"
2025-05-18 13:08:39,INFO,UI,"/home/john/Documents/GitHub/TM-SGNL-Android/app/src/main/res/layout/audio_view_draft.xml","MODIFIED","Removed TeleMessage references"
2025-05-18 13:08:39,INFO,UI,"/home/john/Documents/GitHub/TM-SGNL-Android/app/src/main/res/layout/audio_view_draft_circle.xml","MODIFIED","Removed TeleMessage references"
2025-05-18 13:08:39,INFO,UI,"/home/john/Documents/GitHub/TM-SGNL-Android/app/src/main/res/layout/audio_view_small.xml","MODIFIED","Removed TeleMessage references"
2025-05-18 13:08:39,INFO,UI,"/home/john/Documents/GitHub/TM-SGNL-Android/app/src/main/res/layout/avatar_color_item.xml","MODIFIED","Removed TeleMessage references"
2025-05-18 13:08:39,INFO,UI,"/home/john/Documents/GitHub/TM-SGNL-Android/app/src/main/res/layout/avatar_picker_fragment.xml","MODIFIED","Removed TeleMessage references"
2025-05-18 13:08:39,INFO,UI,"/home/john/Documents/GitHub/TM-SGNL-Android/app/src/main/res/layout/avatar_picker_item.xml","MODIFIED","Removed TeleMessage references"
2025-05-18 13:08:39,INFO,UI,"/home/john/Documents/GitHub/TM-SGNL-Android/app/src/main/res/layout/avatar_view.xml","MODIFIED","Removed TeleMessage references"
2025-05-18 13:08:39,INFO,UI,"/home/john/Documents/GitHub/TM-SGNL-Android/app/src/main/res/layout/badge_display_112.xml","MODIFIED","Removed TeleMessage references"
2025-05-18 13:08:39,INFO,UI,"/home/john/Documents/GitHub/TM-SGNL-Android/app/src/main/res/layout/badge_display_160.xml","MODIFIED","Removed TeleMessage references"
2025-05-18 13:08:39,INFO,UI,"/home/john/Documents/GitHub/TM-SGNL-Android/app/src/main/res/layout/base_kbs_pin_fragment.xml","MODIFIED","Removed TeleMessage references"
2025-05-18 13:08:39,INFO,UI,"/home/john/Documents/GitHub/TM-SGNL-Android/app/src/main/res/layout/basic_megaphone_view.xml","MODIFIED","Removed TeleMessage references"
2025-05-18 13:08:39,INFO,UI,"/home/john/Documents/GitHub/TM-SGNL-Android/app/src/main/res/layout/bio_preference_item.xml","MODIFIED","Removed TeleMessage references"
2025-05-18 13:08:39,INFO,UI,"/home/john/Documents/GitHub/TM-SGNL-Android/app/src/main/res/layout/blocked_users_activity.xml","MODIFIED","Removed TeleMessage references"
2025-05-18 13:08:39,INFO,UI,"/home/john/Documents/GitHub/TM-SGNL-Android/app/src/main/res/layout/blocked_users_adapter_item.xml","MODIFIED","Removed TeleMessage references"
2025-05-18 13:08:39,INFO,UI,"/home/john/Documents/GitHub/TM-SGNL-Android/app/src/main/res/layout/bold_selection_tab_item.xml","MODIFIED","Removed TeleMessage references"
2025-05-18 13:08:39,INFO,UI,"/home/john/Documents/GitHub/TM-SGNL-Android/app/src/main/res/layout/boost_preview_preference.xml","MODIFIED","Removed TeleMessage references"
2025-05-18 13:08:39,INFO,UI,"/home/john/Documents/GitHub/TM-SGNL-Android/app/src/main/res/layout/call_log_adapter_item.xml","MODIFIED","Removed TeleMessage references"
2025-05-18 13:08:39,INFO,UI,"/home/john/Documents/GitHub/TM-SGNL-Android/app/src/main/res/layout/call_log_create_call_link_item.xml","MODIFIED","Removed TeleMessage references"
2025-05-18 13:08:39,INFO,UI,"/home/john/Documents/GitHub/TM-SGNL-Android/app/src/main/res/layout/call_log_fragment.xml","MODIFIED","Removed TeleMessage references"
2025-05-18 13:08:39,INFO,UI,"/home/john/Documents/GitHub/TM-SGNL-Android/app/src/main/res/layout/call_overflow_holder.xml","MODIFIED","Removed TeleMessage references"
2025-05-18 13:08:39,INFO,UI,"/home/john/Documents/GitHub/TM-SGNL-Android/app/src/main/res/layout/call_overflow_popup.xml","MODIFIED","Removed TeleMessage references"
2025-05-18 13:08:39,INFO,UI,"/home/john/Documents/GitHub/TM-SGNL-Android/app/src/main/res/layout/call_participant_item.xml","MODIFIED","Removed TeleMessage references"
2025-05-18 13:08:39,INFO,UI,"/home/john/Documents/GitHub/TM-SGNL-Android/app/src/main/res/layout/call_participant_list_update.xml","MODIFIED","Removed TeleMessage references"
2025-05-18 13:08:39,INFO,UI,"/home/john/Documents/GitHub/TM-SGNL-Android/app/src/main/res/layout/call_participants_list_item.xml","MODIFIED","Removed TeleMessage references"
2025-05-18 13:08:39,INFO,UI,"/home/john/Documents/GitHub/TM-SGNL-Android/app/src/main/res/layout/call_screen_pending_participants_view.xml","MODIFIED","Removed TeleMessage references"
2025-05-18 13:08:39,INFO,UI,"/home/john/Documents/GitHub/TM-SGNL-Android/app/src/main/res/layout/callee_must_accept_message_request_dialog_fragment.xml","MODIFIED","Removed TeleMessage references"
2025-05-18 13:08:39,INFO,UI,"/home/john/Documents/GitHub/TM-SGNL-Android/app/src/main/res/layout/camera_contact_contact_item.xml","MODIFIED","Removed TeleMessage references"
2025-05-18 13:08:39,INFO,UI,"/home/john/Documents/GitHub/TM-SGNL-Android/app/src/main/res/layout/camera_contact_header_item.xml","MODIFIED","Removed TeleMessage references"
2025-05-18 13:08:39,INFO,UI,"/home/john/Documents/GitHub/TM-SGNL-Android/app/src/main/res/layout/camera_contact_selection_item.xml","MODIFIED","Removed TeleMessage references"
2025-05-18 13:08:39,INFO,UI,"/home/john/Documents/GitHub/TM-SGNL-Android/app/src/main/res/layout/camera_controls_portrait.xml","MODIFIED","Removed TeleMessage references"
2025-05-18 13:08:39,INFO,UI,"/home/john/Documents/GitHub/TM-SGNL-Android/app/src/main/res/layout/chat_color_selection_fragment.xml","MODIFIED","Removed TeleMessage references"
2025-05-18 13:08:39,INFO,UI,"/home/john/Documents/GitHub/TM-SGNL-Android/app/src/main/res/layout/chat_colors_preview_view.xml","MODIFIED","Removed TeleMessage references"
2025-05-18 13:08:39,INFO,UI,"/home/john/Documents/GitHub/TM-SGNL-Android/app/src/main/res/layout/chat_wallpaper_crop_activity.xml","MODIFIED","Removed TeleMessage references"
2025-05-18 13:08:39,INFO,UI,"/home/john/Documents/GitHub/TM-SGNL-Android/app/src/main/res/layout/chat_wallpaper_fragment.xml","MODIFIED","Removed TeleMessage references"
2025-05-18 13:08:39,INFO,UI,"/home/john/Documents/GitHub/TM-SGNL-Android/app/src/main/res/layout/chat_wallpaper_preview_activity.xml","MODIFIED","Removed TeleMessage references"
2025-05-18 13:08:39,INFO,UI,"/home/john/Documents/GitHub/TM-SGNL-Android/app/src/main/res/layout/choose_new_admin_activity.xml","MODIFIED","Removed TeleMessage references"
2025-05-18 13:08:39,INFO,UI,"/home/john/Documents/GitHub/TM-SGNL-Android/app/src/main/res/layout/circular_progress_material_button.xml","MODIFIED","Removed TeleMessage references"
2025-05-18 13:08:39,INFO,UI,"/home/john/Documents/GitHub/TM-SGNL-Android/app/src/main/res/layout/contact_filter_view.xml","MODIFIED","Removed TeleMessage references"
2025-05-18 13:08:39,INFO,UI,"/home/john/Documents/GitHub/TM-SGNL-Android/app/src/main/res/layout/contact_photo_preview_activity.xml","MODIFIED","Removed TeleMessage references"
2025-05-18 13:08:39,INFO,UI,"/home/john/Documents/GitHub/TM-SGNL-Android/app/src/main/res/layout/contact_search_item.xml","MODIFIED","Removed TeleMessage references"
2025-05-18 13:08:39,INFO,UI,"/home/john/Documents/GitHub/TM-SGNL-Android/app/src/main/res/layout/contact_search_story_item.xml","MODIFIED","Removed TeleMessage references"
2025-05-18 13:08:39,INFO,UI,"/home/john/Documents/GitHub/TM-SGNL-Android/app/src/main/res/layout/contact_search_unknown_item.xml","MODIFIED","Removed TeleMessage references"
2025-05-18 13:08:39,INFO,UI,"/home/john/Documents/GitHub/TM-SGNL-Android/app/src/main/res/layout/contact_selection_activity.xml","MODIFIED","Removed TeleMessage references"
2025-05-18 13:08:39,INFO,UI,"/home/john/Documents/GitHub/TM-SGNL-Android/app/src/main/res/layout/contact_selection_list_chip.xml","MODIFIED","Removed TeleMessage references"
2025-05-18 13:08:39,INFO,UI,"/home/john/Documents/GitHub/TM-SGNL-Android/app/src/main/res/layout/contact_selection_list_fragment.xml","MODIFIED","Removed TeleMessage references"
2025-05-18 13:08:39,INFO,UI,"/home/john/Documents/GitHub/TM-SGNL-Android/app/src/main/res/layout/conversation_activity_attachment_editor_stub.xml","MODIFIED","Removed TeleMessage references"
2025-05-18 13:08:39,INFO,UI,"/home/john/Documents/GitHub/TM-SGNL-Android/app/src/main/res/layout/conversation_activity_reminderview_stub.xml","MODIFIED","Removed TeleMessage references"
2025-05-18 13:08:39,INFO,UI,"/home/john/Documents/GitHub/TM-SGNL-Android/app/src/main/res/layout/conversation_activity_unverified_banner_stub.xml","MODIFIED","Removed TeleMessage references"
2025-05-18 13:08:39,INFO,UI,"/home/john/Documents/GitHub/TM-SGNL-Android/app/src/main/res/layout/conversation_header_view.xml","MODIFIED","Removed TeleMessage references"
2025-05-18 13:08:39,INFO,UI,"/home/john/Documents/GitHub/TM-SGNL-Android/app/src/main/res/layout/conversation_input_panel.xml","MODIFIED","Removed TeleMessage references"
2025-05-18 13:08:39,INFO,UI,"/home/john/Documents/GitHub/TM-SGNL-Android/app/src/main/res/layout/conversation_item_footer_incoming.xml","MODIFIED","Removed TeleMessage references"
2025-05-18 13:08:39,INFO,UI,"/home/john/Documents/GitHub/TM-SGNL-Android/app/src/main/res/layout/conversation_item_footer_outgoing.xml","MODIFIED","Removed TeleMessage references"
2025-05-18 13:08:39,INFO,UI,"/home/john/Documents/GitHub/TM-SGNL-Android/app/src/main/res/layout/conversation_item_join_button.xml","MODIFIED","Removed TeleMessage references"
2025-05-18 13:08:39,INFO,UI,"/home/john/Documents/GitHub/TM-SGNL-Android/app/src/main/res/layout/conversation_item_payment.xml","MODIFIED","Removed TeleMessage references"
2025-05-18 13:08:39,INFO,UI,"/home/john/Documents/GitHub/TM-SGNL-Android/app/src/main/res/layout/conversation_item_received_audio.xml","MODIFIED","Removed TeleMessage references"
2025-05-18 13:08:39,INFO,UI,"/home/john/Documents/GitHub/TM-SGNL-Android/app/src/main/res/layout/conversation_item_received_document.xml","MODIFIED","Removed TeleMessage references"
2025-05-18 13:08:39,INFO,UI,"/home/john/Documents/GitHub/TM-SGNL-Android/app/src/main/res/layout/conversation_item_received_gift.xml","MODIFIED","Removed TeleMessage references"
2025-05-18 13:08:39,INFO,UI,"/home/john/Documents/GitHub/TM-SGNL-Android/app/src/main/res/layout/conversation_item_received_link_preview.xml","MODIFIED","Removed TeleMessage references"
2025-05-18 13:08:39,INFO,UI,"/home/john/Documents/GitHub/TM-SGNL-Android/app/src/main/res/layout/conversation_item_received_multimedia.xml","MODIFIED","Removed TeleMessage references"
2025-05-18 13:08:39,INFO,UI,"/home/john/Documents/GitHub/TM-SGNL-Android/app/src/main/res/layout/conversation_item_received_revealable.xml","MODIFIED","Removed TeleMessage references"
2025-05-18 13:08:39,INFO,UI,"/home/john/Documents/GitHub/TM-SGNL-Android/app/src/main/res/layout/conversation_item_received_shared_contact.xml","MODIFIED","Removed TeleMessage references"
2025-05-18 13:08:39,INFO,UI,"/home/john/Documents/GitHub/TM-SGNL-Android/app/src/main/res/layout/conversation_item_received_sticker.xml","MODIFIED","Removed TeleMessage references"
2025-05-18 13:08:39,INFO,UI,"/home/john/Documents/GitHub/TM-SGNL-Android/app/src/main/res/layout/conversation_item_received_text_only.xml","MODIFIED","Removed TeleMessage references"
2025-05-18 13:08:40,INFO,UI,"/home/john/Documents/GitHub/TM-SGNL-Android/app/src/main/res/layout/conversation_item_received_thumbnail.xml","MODIFIED","Removed TeleMessage references"
2025-05-18 13:08:40,INFO,UI,"/home/john/Documents/GitHub/TM-SGNL-Android/app/src/main/res/layout/conversation_item_sent_audio.xml","MODIFIED","Removed TeleMessage references"
2025-05-18 13:08:40,INFO,UI,"/home/john/Documents/GitHub/TM-SGNL-Android/app/src/main/res/layout/conversation_item_sent_document.xml","MODIFIED","Removed TeleMessage references"
2025-05-18 13:08:40,INFO,UI,"/home/john/Documents/GitHub/TM-SGNL-Android/app/src/main/res/layout/conversation_item_sent_gift.xml","MODIFIED","Removed TeleMessage references"
2025-05-18 13:08:40,INFO,UI,"/home/john/Documents/GitHub/TM-SGNL-Android/app/src/main/res/layout/conversation_item_sent_link_preview.xml","MODIFIED","Removed TeleMessage references"
2025-05-18 13:08:40,INFO,UI,"/home/john/Documents/GitHub/TM-SGNL-Android/app/src/main/res/layout/conversation_item_sent_multimedia.xml","MODIFIED","Removed TeleMessage references"
2025-05-18 13:08:40,INFO,UI,"/home/john/Documents/GitHub/TM-SGNL-Android/app/src/main/res/layout/conversation_item_sent_revealable.xml","MODIFIED","Removed TeleMessage references"
2025-05-18 13:08:40,INFO,UI,"/home/john/Documents/GitHub/TM-SGNL-Android/app/src/main/res/layout/conversation_item_sent_shared_contact.xml","MODIFIED","Removed TeleMessage references"
2025-05-18 13:08:40,INFO,UI,"/home/john/Documents/GitHub/TM-SGNL-Android/app/src/main/res/layout/conversation_item_sent_sticker.xml","MODIFIED","Removed TeleMessage references"
2025-05-18 13:08:40,INFO,UI,"/home/john/Documents/GitHub/TM-SGNL-Android/app/src/main/res/layout/conversation_item_sent_text_only.xml","MODIFIED","Removed TeleMessage references"
2025-05-18 13:08:40,INFO,UI,"/home/john/Documents/GitHub/TM-SGNL-Android/app/src/main/res/layout/conversation_item_sent_thumbnail.xml","MODIFIED","Removed TeleMessage references"
2025-05-18 13:08:40,INFO,UI,"/home/john/Documents/GitHub/TM-SGNL-Android/app/src/main/res/layout/conversation_item_thread_header.xml","MODIFIED","Removed TeleMessage references"
2025-05-18 13:08:40,INFO,UI,"/home/john/Documents/GitHub/TM-SGNL-Android/app/src/main/res/layout/conversation_item_thumbnail_album_thumbnail_view_stub.xml","MODIFIED","Removed TeleMessage references"
2025-05-18 13:08:40,INFO,UI,"/home/john/Documents/GitHub/TM-SGNL-Android/app/src/main/res/layout/conversation_item_thumbnail_footer_view_stub.xml","MODIFIED","Removed TeleMessage references"
2025-05-18 13:08:40,INFO,UI,"/home/john/Documents/GitHub/TM-SGNL-Android/app/src/main/res/layout/conversation_item_thumbnail_thumbnail_view_stub.xml","MODIFIED","Removed TeleMessage references"
2025-05-18 13:08:40,INFO,UI,"/home/john/Documents/GitHub/TM-SGNL-Android/app/src/main/res/layout/conversation_item_update.xml","MODIFIED","Removed TeleMessage references"
2025-05-18 13:08:40,INFO,UI,"/home/john/Documents/GitHub/TM-SGNL-Android/app/src/main/res/layout/conversation_list_filter_pull_view.xml","MODIFIED","Removed TeleMessage references"
2025-05-18 13:08:40,INFO,UI,"/home/john/Documents/GitHub/TM-SGNL-Android/app/src/main/res/layout/conversation_list_fragment.xml","MODIFIED","Removed TeleMessage references"
2025-05-18 13:08:40,INFO,UI,"/home/john/Documents/GitHub/TM-SGNL-Android/app/src/main/res/layout/conversation_list_item_action.xml","MODIFIED","Removed TeleMessage references"
2025-05-18 13:08:40,INFO,UI,"/home/john/Documents/GitHub/TM-SGNL-Android/app/src/main/res/layout/conversation_list_item_view.xml","MODIFIED","Removed TeleMessage references"
2025-05-18 13:08:40,INFO,UI,"/home/john/Documents/GitHub/TM-SGNL-Android/app/src/main/res/layout/conversation_list_reminder_view.xml","MODIFIED","Removed TeleMessage references"
2025-05-18 13:08:40,INFO,UI,"/home/john/Documents/GitHub/TM-SGNL-Android/app/src/main/res/layout/conversation_list_search_toolbar.xml","MODIFIED","Removed TeleMessage references"
2025-05-18 13:08:40,INFO,UI,"/home/john/Documents/GitHub/TM-SGNL-Android/app/src/main/res/layout/conversation_reaction_scrubber.xml","MODIFIED","Removed TeleMessage references"
2025-05-18 13:08:40,INFO,UI,"/home/john/Documents/GitHub/TM-SGNL-Android/app/src/main/res/layout/conversation_search_nav.xml","MODIFIED","Removed TeleMessage references"
2025-05-18 13:08:40,INFO,UI,"/home/john/Documents/GitHub/TM-SGNL-Android/app/src/main/res/layout/conversation_settings_avatar_preference_item.xml","MODIFIED","Removed TeleMessage references"
2025-05-18 13:08:40,INFO,UI,"/home/john/Documents/GitHub/TM-SGNL-Android/app/src/main/res/layout/conversation_settings_bio_preference_item.xml","MODIFIED","Removed TeleMessage references"
2025-05-18 13:08:40,INFO,UI,"/home/john/Documents/GitHub/TM-SGNL-Android/app/src/main/res/layout/conversation_settings_group_description_preference.xml","MODIFIED","Removed TeleMessage references"
2025-05-18 13:08:40,INFO,UI,"/home/john/Documents/GitHub/TM-SGNL-Android/app/src/main/res/layout/conversation_settings_legacy_group_preference.xml","MODIFIED","Removed TeleMessage references"
2025-05-18 13:08:40,INFO,UI,"/home/john/Documents/GitHub/TM-SGNL-Android/app/src/main/res/layout/conversation_settings_shared_media.xml","MODIFIED","Removed TeleMessage references"
2025-05-18 13:08:40,INFO,UI,"/home/john/Documents/GitHub/TM-SGNL-Android/app/src/main/res/layout/conversation_settings_toolbar.xml","MODIFIED","Removed TeleMessage references"
2025-05-18 13:08:40,INFO,UI,"/home/john/Documents/GitHub/TM-SGNL-Android/app/src/main/res/layout/conversation_test_fragment.xml","MODIFIED","Removed TeleMessage references"
2025-05-18 13:08:40,INFO,UI,"/home/john/Documents/GitHub/TM-SGNL-Android/app/src/main/res/layout/conversation_title_view.xml","MODIFIED","Removed TeleMessage references"
2025-05-18 13:08:40,INFO,UI,"/home/john/Documents/GitHub/TM-SGNL-Android/app/src/main/res/layout/conversation_typing_view.xml","MODIFIED","Removed TeleMessage references"
2025-05-18 13:08:40,INFO,UI,"/home/john/Documents/GitHub/TM-SGNL-Android/app/src/main/res/layout/create_group_activity.xml","MODIFIED","Removed TeleMessage references"
2025-05-18 13:08:40,INFO,UI,"/home/john/Documents/GitHub/TM-SGNL-Android/app/src/main/res/layout/create_payment_fragment.xml","MODIFIED","Removed TeleMessage references"
2025-05-18 13:08:40,INFO,UI,"/home/john/Documents/GitHub/TM-SGNL-Android/app/src/main/res/layout/create_payment_fragment_amount.xml","MODIFIED","Removed TeleMessage references"
2025-05-18 13:08:40,INFO,UI,"/home/john/Documents/GitHub/TM-SGNL-Android/app/src/main/res/layout/create_payment_fragment_amount_toggle.xml","MODIFIED","Removed TeleMessage references"
2025-05-18 13:08:40,INFO,UI,"/home/john/Documents/GitHub/TM-SGNL-Android/app/src/main/res/layout/create_profile_fragment.xml","MODIFIED","Removed TeleMessage references"
2025-05-18 13:08:40,INFO,UI,"/home/john/Documents/GitHub/TM-SGNL-Android/app/src/main/res/layout/credit_card_fragment.xml","MODIFIED","Removed TeleMessage references"
2025-05-18 13:08:40,INFO,UI,"/home/john/Documents/GitHub/TM-SGNL-Android/app/src/main/res/layout/custom_chat_color_creator_fragment.xml","MODIFIED","Removed TeleMessage references"
2025-05-18 13:08:40,INFO,UI,"/home/john/Documents/GitHub/TM-SGNL-Android/app/src/main/res/layout/custom_chat_color_creator_fragment_page.xml","MODIFIED","Removed TeleMessage references"
2025-05-18 13:08:40,INFO,UI,"/home/john/Documents/GitHub/TM-SGNL-Android/app/src/main/res/layout/custom_expire_timer_select_dialog.xml","MODIFIED","Removed TeleMessage references"
2025-05-18 13:08:40,INFO,UI,"/home/john/Documents/GitHub/TM-SGNL-Android/app/src/main/res/layout/deactivate_wallet_fragment.xml","MODIFIED","Removed TeleMessage references"
2025-05-18 13:08:40,INFO,UI,"/home/john/Documents/GitHub/TM-SGNL-Android/app/src/main/res/layout/delete_account_fragment.xml","MODIFIED","Removed TeleMessage references"
2025-05-18 13:08:40,INFO,UI,"/home/john/Documents/GitHub/TM-SGNL-Android/app/src/main/res/layout/device_add_fragment.xml","MODIFIED","Removed TeleMessage references"
2025-05-18 13:08:40,INFO,UI,"/home/john/Documents/GitHub/TM-SGNL-Android/app/src/main/res/layout/device_list_item_view.xml","MODIFIED","Removed TeleMessage references"
2025-05-18 13:08:40,INFO,UI,"/home/john/Documents/GitHub/TM-SGNL-Android/app/src/main/res/layout/dialog_group_members.xml","MODIFIED","Removed TeleMessage references"
2025-05-18 13:08:40,INFO,UI,"/home/john/Documents/GitHub/TM-SGNL-Android/app/src/main/res/layout/dialog_multiple_group_invites_sent.xml","MODIFIED","Removed TeleMessage references"
2025-05-18 13:08:40,INFO,UI,"/home/john/Documents/GitHub/TM-SGNL-Android/app/src/main/res/layout/document_view.xml","MODIFIED","Removed TeleMessage references"
2025-05-18 13:08:40,INFO,UI,"/home/john/Documents/GitHub/TM-SGNL-Android/app/src/main/res/layout/donation_receipt_list_fragment.xml","MODIFIED","Removed TeleMessage references"
2025-05-18 13:08:40,INFO,UI,"/home/john/Documents/GitHub/TM-SGNL-Android/app/src/main/res/layout/donation_receipt_list_item.xml","MODIFIED","Removed TeleMessage references"
2025-05-18 13:08:40,INFO,UI,"/home/john/Documents/GitHub/TM-SGNL-Android/app/src/main/res/layout/dsl_learn_more_preference_item.xml","MODIFIED","Removed TeleMessage references"
2025-05-18 13:08:40,INFO,UI,"/home/john/Documents/GitHub/TM-SGNL-Android/app/src/main/res/layout/dsl_multiline_text_input.xml","MODIFIED","Removed TeleMessage references"
2025-05-18 13:08:40,INFO,UI,"/home/john/Documents/GitHub/TM-SGNL-Android/app/src/main/res/layout/dsl_outlined_learn_more.xml","MODIFIED","Removed TeleMessage references"
2025-05-18 13:08:40,INFO,UI,"/home/john/Documents/GitHub/TM-SGNL-Android/app/src/main/res/layout/dsl_settings_toolbar.xml","MODIFIED","Removed TeleMessage references"
2025-05-18 13:08:40,INFO,UI,"/home/john/Documents/GitHub/TM-SGNL-Android/app/src/main/res/layout/edit_about_fragment.xml","MODIFIED","Removed TeleMessage references"
2025-05-18 13:08:40,INFO,UI,"/home/john/Documents/GitHub/TM-SGNL-Android/app/src/main/res/layout/edit_note_fragment.xml","MODIFIED","Removed TeleMessage references"
2025-05-18 13:08:40,INFO,UI,"/home/john/Documents/GitHub/TM-SGNL-Android/app/src/main/res/layout/edit_profile_fragment.xml","MODIFIED","Removed TeleMessage references"
2025-05-18 13:08:40,INFO,UI,"/home/john/Documents/GitHub/TM-SGNL-Android/app/src/main/res/layout/edit_profile_name_fragment.xml","MODIFIED","Removed TeleMessage references"
2025-05-18 13:08:40,INFO,UI,"/home/john/Documents/GitHub/TM-SGNL-Android/app/src/main/res/layout/edit_proxy_fragment.xml","MODIFIED","Removed TeleMessage references"
2025-05-18 13:08:40,INFO,UI,"/home/john/Documents/GitHub/TM-SGNL-Android/app/src/main/res/layout/edit_reactions_fragment.xml","MODIFIED","Removed TeleMessage references"
2025-05-18 13:08:40,INFO,UI,"/home/john/Documents/GitHub/TM-SGNL-Android/app/src/main/res/layout/emoji_search_fragment.xml","MODIFIED","Removed TeleMessage references"
2025-05-18 13:08:40,INFO,UI,"/home/john/Documents/GitHub/TM-SGNL-Android/app/src/main/res/layout/emoji_text_display_item_grid.xml","MODIFIED","Removed TeleMessage references"
2025-05-18 13:08:40,INFO,UI,"/home/john/Documents/GitHub/TM-SGNL-Android/app/src/main/res/layout/emoji_text_display_item_list.xml","MODIFIED","Removed TeleMessage references"
2025-05-18 13:08:40,INFO,UI,"/home/john/Documents/GitHub/TM-SGNL-Android/app/src/main/res/layout/exo_legacy_player_control_view.xml","MODIFIED","Removed TeleMessage references"
2025-05-18 13:08:40,INFO,UI,"/home/john/Documents/GitHub/TM-SGNL-Android/app/src/main/res/layout/expire_timer_settings_fragment.xml","MODIFIED","Removed TeleMessage references"
2025-05-18 13:08:40,INFO,UI,"/home/john/Documents/GitHub/TM-SGNL-Android/app/src/main/res/layout/expired_badge_preference.xml","MODIFIED","Removed TeleMessage references"
2025-05-18 13:08:40,INFO,UI,"/home/john/Documents/GitHub/TM-SGNL-Android/app/src/main/res/layout/featured_badge_preview_preference.xml","MODIFIED","Removed TeleMessage references"
2025-05-18 13:08:40,INFO,UI,"/home/john/Documents/GitHub/TM-SGNL-Android/app/src/main/res/layout/fragment_add_allowed_members.xml","MODIFIED","Removed TeleMessage references"
2025-05-18 13:08:40,INFO,UI,"/home/john/Documents/GitHub/TM-SGNL-Android/app/src/main/res/layout/fragment_change_number_enter_phone_number.xml","MODIFIED","Removed TeleMessage references"
2025-05-18 13:08:40,INFO,UI,"/home/john/Documents/GitHub/TM-SGNL-Android/app/src/main/res/layout/fragment_change_number_pin_differs.xml","MODIFIED","Removed TeleMessage references"
2025-05-18 13:08:40,INFO,UI,"/home/john/Documents/GitHub/TM-SGNL-Android/app/src/main/res/layout/fragment_edit_notification_profile.xml","MODIFIED","Removed TeleMessage references"
2025-05-18 13:08:40,INFO,UI,"/home/john/Documents/GitHub/TM-SGNL-Android/app/src/main/res/layout/fragment_edit_notification_profile_schedule.xml","MODIFIED","Removed TeleMessage references"
2025-05-18 13:08:40,INFO,UI,"/home/john/Documents/GitHub/TM-SGNL-Android/app/src/main/res/layout/fragment_media_preview_v2.xml","MODIFIED","Removed TeleMessage references"
2025-05-18 13:08:40,INFO,UI,"/home/john/Documents/GitHub/TM-SGNL-Android/app/src/main/res/layout/fragment_registration_choose_backup.xml","MODIFIED","Removed TeleMessage references"
2025-05-18 13:08:40,INFO,UI,"/home/john/Documents/GitHub/TM-SGNL-Android/app/src/main/res/layout/fragment_registration_enter_code.xml","MODIFIED","Removed TeleMessage references"
2025-05-18 13:08:40,INFO,UI,"/home/john/Documents/GitHub/TM-SGNL-Android/app/src/main/res/layout/fragment_registration_enter_phone_number.xml","MODIFIED","Removed TeleMessage references"
2025-05-18 13:08:40,INFO,UI,"/home/john/Documents/GitHub/TM-SGNL-Android/app/src/main/res/layout/fragment_registration_lock.xml","MODIFIED","Removed TeleMessage references"
2025-05-18 13:08:40,INFO,UI,"/home/john/Documents/GitHub/TM-SGNL-Android/app/src/main/res/layout/fragment_registration_restore_backup.xml","MODIFIED","Removed TeleMessage references"
2025-05-18 13:08:40,INFO,UI,"/home/john/Documents/GitHub/TM-SGNL-Android/app/src/main/res/layout/fragment_registration_welcome.xml","MODIFIED","Removed TeleMessage references"
2025-05-18 13:08:40,INFO,UI,"/home/john/Documents/GitHub/TM-SGNL-Android/app/src/main/res/layout/fragment_select_recipients_fragment.xml","MODIFIED","Removed TeleMessage references"
2025-05-18 13:08:40,INFO,UI,"/home/john/Documents/GitHub/TM-SGNL-Android/app/src/main/res/layout/fragment_transfer_restore.xml","MODIFIED","Removed TeleMessage references"
2025-05-18 13:08:40,INFO,UI,"/home/john/Documents/GitHub/TM-SGNL-Android/app/src/main/res/layout/gif_keyboard_page_fragment.xml","MODIFIED","Removed TeleMessage references"
2025-05-18 13:08:40,INFO,UI,"/home/john/Documents/GitHub/TM-SGNL-Android/app/src/main/res/layout/gift_badge_preview_preference.xml","MODIFIED","Removed TeleMessage references"
2025-05-18 13:08:40,INFO,UI,"/home/john/Documents/GitHub/TM-SGNL-Android/app/src/main/res/layout/gift_flow_confirmation_fragment.xml","MODIFIED","Removed TeleMessage references"
2025-05-18 13:08:41,INFO,UI,"/home/john/Documents/GitHub/TM-SGNL-Android/app/src/main/res/layout/gift_message_view.xml","MODIFIED","Removed TeleMessage references"
2025-05-18 13:08:41,INFO,UI,"/home/john/Documents/GitHub/TM-SGNL-Android/app/src/main/res/layout/giphy_activity.xml","MODIFIED","Removed TeleMessage references"
2025-05-18 13:08:41,INFO,UI,"/home/john/Documents/GitHub/TM-SGNL-Android/app/src/main/res/layout/giphy_mp4_player.xml","MODIFIED","Removed TeleMessage references"
2025-05-18 13:08:41,INFO,UI,"/home/john/Documents/GitHub/TM-SGNL-Android/app/src/main/res/layout/group_description_dialog.xml","MODIFIED","Removed TeleMessage references"
2025-05-18 13:08:41,INFO,UI,"/home/john/Documents/GitHub/TM-SGNL-Android/app/src/main/res/layout/group_join_bottom_sheet.xml","MODIFIED","Removed TeleMessage references"
2025-05-18 13:08:41,INFO,UI,"/home/john/Documents/GitHub/TM-SGNL-Android/app/src/main/res/layout/group_link_share_qr_dialog_fragment.xml","MODIFIED","Removed TeleMessage references"
2025-05-18 13:08:41,INFO,UI,"/home/john/Documents/GitHub/TM-SGNL-Android/app/src/main/res/layout/group_new_candidate_recipient_list_item.xml","MODIFIED","Removed TeleMessage references"
2025-05-18 13:08:41,INFO,UI,"/home/john/Documents/GitHub/TM-SGNL-Android/app/src/main/res/layout/group_pending_and_requesting_member_activity.xml","MODIFIED","Removed TeleMessage references"
2025-05-18 13:08:41,INFO,UI,"/home/john/Documents/GitHub/TM-SGNL-Android/app/src/main/res/layout/group_pending_member_invites_fragment.xml","MODIFIED","Removed TeleMessage references"
2025-05-18 13:08:41,INFO,UI,"/home/john/Documents/GitHub/TM-SGNL-Android/app/src/main/res/layout/group_recipient_list_item.xml","MODIFIED","Removed TeleMessage references"
2025-05-18 13:08:41,INFO,UI,"/home/john/Documents/GitHub/TM-SGNL-Android/app/src/main/res/layout/group_recipient_requesting_list_item.xml","MODIFIED","Removed TeleMessage references"
2025-05-18 13:08:41,INFO,UI,"/home/john/Documents/GitHub/TM-SGNL-Android/app/src/main/res/layout/group_requesting_member_fragment.xml","MODIFIED","Removed TeleMessage references"
2025-05-18 13:08:41,INFO,UI,"/home/john/Documents/GitHub/TM-SGNL-Android/app/src/main/res/layout/groupsv1_migration_bottom_sheet.xml","MODIFIED","Removed TeleMessage references"
2025-05-18 13:08:41,INFO,UI,"/home/john/Documents/GitHub/TM-SGNL-Android/app/src/main/res/layout/groupsv1_migration_learn_more_bottom_sheet.xml","MODIFIED","Removed TeleMessage references"
2025-05-18 13:08:41,INFO,UI,"/home/john/Documents/GitHub/TM-SGNL-Android/app/src/main/res/layout/help_fragment.xml","MODIFIED","Removed TeleMessage references"
2025-05-18 13:08:41,INFO,UI,"/home/john/Documents/GitHub/TM-SGNL-Android/app/src/main/res/layout/image_editor_fragment.xml","MODIFIED","Removed TeleMessage references"
2025-05-18 13:08:41,INFO,UI,"/home/john/Documents/GitHub/TM-SGNL-Android/app/src/main/res/layout/inline_query_emoji_result.xml","MODIFIED","Removed TeleMessage references"
2025-05-18 13:08:41,INFO,UI,"/home/john/Documents/GitHub/TM-SGNL-Android/app/src/main/res/layout/invite_activity.xml","MODIFIED","Removed TeleMessage references"
2025-05-18 13:08:41,INFO,UI,"/home/john/Documents/GitHub/TM-SGNL-Android/app/src/main/res/layout/item_editable_contact.xml","MODIFIED","Removed TeleMessage references"
2025-05-18 13:08:41,INFO,UI,"/home/john/Documents/GitHub/TM-SGNL-Android/app/src/main/res/layout/item_selectable_contact_field.xml","MODIFIED","Removed TeleMessage references"
2025-05-18 13:08:41,INFO,UI,"/home/john/Documents/GitHub/TM-SGNL-Android/app/src/main/res/layout/keyboard_pager_emoji_page_fragment.xml","MODIFIED","Removed TeleMessage references"
2025-05-18 13:08:41,INFO,UI,"/home/john/Documents/GitHub/TM-SGNL-Android/app/src/main/res/layout/keyboard_pager_search_bar.xml","MODIFIED","Removed TeleMessage references"
2025-05-18 13:08:41,INFO,UI,"/home/john/Documents/GitHub/TM-SGNL-Android/app/src/main/res/layout/keyboard_pager_sticker_page_fragment.xml","MODIFIED","Removed TeleMessage references"
2025-05-18 13:08:41,INFO,UI,"/home/john/Documents/GitHub/TM-SGNL-Android/app/src/main/res/layout/labeled_edit_text_default.xml","MODIFIED","Removed TeleMessage references"
2025-05-18 13:08:41,INFO,UI,"/home/john/Documents/GitHub/TM-SGNL-Android/app/src/main/res/layout/link_preview.xml","MODIFIED","Removed TeleMessage references"
2025-05-18 13:08:41,INFO,UI,"/home/john/Documents/GitHub/TM-SGNL-Android/app/src/main/res/layout/link_preview_thumbnail_stub.xml","MODIFIED","Removed TeleMessage references"
2025-05-18 13:08:41,INFO,UI,"/home/john/Documents/GitHub/TM-SGNL-Android/app/src/main/res/layout/longmessage_bubble_received.xml","MODIFIED","Removed TeleMessage references"
2025-05-18 13:08:41,INFO,UI,"/home/john/Documents/GitHub/TM-SGNL-Android/app/src/main/res/layout/longmessage_bubble_sent.xml","MODIFIED","Removed TeleMessage references"
2025-05-18 13:08:41,INFO,UI,"/home/john/Documents/GitHub/TM-SGNL-Android/app/src/main/res/layout/longmessage_fragment.xml","MODIFIED","Removed TeleMessage references"
2025-05-18 13:08:41,INFO,UI,"/home/john/Documents/GitHub/TM-SGNL-Android/app/src/main/res/layout/main_activity.xml","MODIFIED","Removed TeleMessage references"
2025-05-18 13:08:41,INFO,UI,"/home/john/Documents/GitHub/TM-SGNL-Android/app/src/main/res/layout/main_activity_list_host_fragment.xml","MODIFIED","Removed TeleMessage references"
2025-05-18 13:08:41,INFO,UI,"/home/john/Documents/GitHub/TM-SGNL-Android/app/src/main/res/layout/media_keyboard.xml","MODIFIED","Removed TeleMessage references"
2025-05-18 13:08:41,INFO,UI,"/home/john/Documents/GitHub/TM-SGNL-Android/app/src/main/res/layout/media_overview_activity.xml","MODIFIED","Removed TeleMessage references"
2025-05-18 13:08:41,INFO,UI,"/home/john/Documents/GitHub/TM-SGNL-Android/app/src/main/res/layout/media_overview_detail_item_audio.xml","MODIFIED","Removed TeleMessage references"
2025-05-18 13:08:41,INFO,UI,"/home/john/Documents/GitHub/TM-SGNL-Android/app/src/main/res/layout/media_overview_detail_item_media.xml","MODIFIED","Removed TeleMessage references"
2025-05-18 13:08:41,INFO,UI,"/home/john/Documents/GitHub/TM-SGNL-Android/app/src/main/res/layout/media_overview_gallery_item.xml","MODIFIED","Removed TeleMessage references"
2025-05-18 13:08:41,INFO,UI,"/home/john/Documents/GitHub/TM-SGNL-Android/app/src/main/res/layout/media_overview_page_fragment.xml","MODIFIED","Removed TeleMessage references"
2025-05-18 13:08:41,INFO,UI,"/home/john/Documents/GitHub/TM-SGNL-Android/app/src/main/res/layout/media_preview_image_fragment.xml","MODIFIED","Removed TeleMessage references"
2025-05-18 13:08:41,INFO,UI,"/home/john/Documents/GitHub/TM-SGNL-Android/app/src/main/res/layout/media_preview_video_fragment.xml","MODIFIED","Removed TeleMessage references"
2025-05-18 13:08:41,INFO,UI,"/home/john/Documents/GitHub/TM-SGNL-Android/app/src/main/res/layout/mediarail_media_item.xml","MODIFIED","Removed TeleMessage references"
2025-05-18 13:08:41,INFO,UI,"/home/john/Documents/GitHub/TM-SGNL-Android/app/src/main/res/layout/mediasend_video_fragment.xml","MODIFIED","Removed TeleMessage references"
2025-05-18 13:08:41,INFO,UI,"/home/john/Documents/GitHub/TM-SGNL-Android/app/src/main/res/layout/mentions_picker_recipient_list_item.xml","MODIFIED","Removed TeleMessage references"
2025-05-18 13:08:41,INFO,UI,"/home/john/Documents/GitHub/TM-SGNL-Android/app/src/main/res/layout/message_details_recipient.xml","MODIFIED","Removed TeleMessage references"
2025-05-18 13:08:41,INFO,UI,"/home/john/Documents/GitHub/TM-SGNL-Android/app/src/main/res/layout/message_details_recipient_header.xml","MODIFIED","Removed TeleMessage references"
2025-05-18 13:08:41,INFO,UI,"/home/john/Documents/GitHub/TM-SGNL-Android/app/src/main/res/layout/message_request_bottom_bar.xml","MODIFIED","Removed TeleMessage references"
2025-05-18 13:08:41,INFO,UI,"/home/john/Documents/GitHub/TM-SGNL-Android/app/src/main/res/layout/multiselect_forward_fragment.xml","MODIFIED","Removed TeleMessage references"
2025-05-18 13:08:41,INFO,UI,"/home/john/Documents/GitHub/TM-SGNL-Android/app/src/main/res/layout/multiselect_forward_fragment_bottom_bar.xml","MODIFIED","Removed TeleMessage references"
2025-05-18 13:08:41,INFO,UI,"/home/john/Documents/GitHub/TM-SGNL-Android/app/src/main/res/layout/my_support_preference.xml","MODIFIED","Removed TeleMessage references"
2025-05-18 13:08:41,INFO,UI,"/home/john/Documents/GitHub/TM-SGNL-Android/app/src/main/res/layout/new_device_transfer_complete_fragment.xml","MODIFIED","Removed TeleMessage references"
2025-05-18 13:08:41,INFO,UI,"/home/john/Documents/GitHub/TM-SGNL-Android/app/src/main/res/layout/notification_profile_entry_pref.xml","MODIFIED","Removed TeleMessage references"
2025-05-18 13:08:41,INFO,UI,"/home/john/Documents/GitHub/TM-SGNL-Android/app/src/main/res/layout/notification_profile_recipient_list_item.xml","MODIFIED","Removed TeleMessage references"
2025-05-18 13:08:41,INFO,UI,"/home/john/Documents/GitHub/TM-SGNL-Android/app/src/main/res/layout/on_reaction_sent_view.xml","MODIFIED","Removed TeleMessage references"
2025-05-18 13:08:41,INFO,UI,"/home/john/Documents/GitHub/TM-SGNL-Android/app/src/main/res/layout/payment_details_fragment.xml","MODIFIED","Removed TeleMessage references"
2025-05-18 13:08:41,INFO,UI,"/home/john/Documents/GitHub/TM-SGNL-Android/app/src/main/res/layout/payment_message_view.xml","MODIFIED","Removed TeleMessage references"
2025-05-18 13:08:41,INFO,UI,"/home/john/Documents/GitHub/TM-SGNL-Android/app/src/main/res/layout/payment_pill_strip.xml","MODIFIED","Removed TeleMessage references"
2025-05-18 13:08:41,INFO,UI,"/home/john/Documents/GitHub/TM-SGNL-Android/app/src/main/res/layout/payment_recipient_selection_fragment.xml","MODIFIED","Removed TeleMessage references"
2025-05-18 13:08:41,INFO,UI,"/home/john/Documents/GitHub/TM-SGNL-Android/app/src/main/res/layout/payments_add_money_fragment.xml","MODIFIED","Removed TeleMessage references"
2025-05-18 13:08:41,INFO,UI,"/home/john/Documents/GitHub/TM-SGNL-Android/app/src/main/res/layout/payments_home_fragment_header.xml","MODIFIED","Removed TeleMessage references"
2025-05-18 13:08:41,INFO,UI,"/home/john/Documents/GitHub/TM-SGNL-Android/app/src/main/res/layout/payments_home_introducing_payments_item.xml","MODIFIED","Removed TeleMessage references"
2025-05-18 13:08:41,INFO,UI,"/home/john/Documents/GitHub/TM-SGNL-Android/app/src/main/res/layout/payments_home_payment_item.xml","MODIFIED","Removed TeleMessage references"
2025-05-18 13:08:41,INFO,UI,"/home/john/Documents/GitHub/TM-SGNL-Android/app/src/main/res/layout/payments_recovery_start_fragment.xml","MODIFIED","Removed TeleMessage references"
2025-05-18 13:08:41,INFO,UI,"/home/john/Documents/GitHub/TM-SGNL-Android/app/src/main/res/layout/payments_transfer_qr_scan_fragment.xml","MODIFIED","Removed TeleMessage references"
2025-05-18 13:08:41,INFO,UI,"/home/john/Documents/GitHub/TM-SGNL-Android/app/src/main/res/layout/pending_participant_view.xml","MODIFIED","Removed TeleMessage references"
2025-05-18 13:08:41,INFO,UI,"/home/john/Documents/GitHub/TM-SGNL-Android/app/src/main/res/layout/pin_restore_entry_fragment.xml","MODIFIED","Removed TeleMessage references"
2025-05-18 13:08:41,INFO,UI,"/home/john/Documents/GitHub/TM-SGNL-Android/app/src/main/res/layout/popup_megaphone_view.xml","MODIFIED","Removed TeleMessage references"
2025-05-18 13:08:41,INFO,UI,"/home/john/Documents/GitHub/TM-SGNL-Android/app/src/main/res/layout/preference_storage_category.xml","MODIFIED","Removed TeleMessage references"
2025-05-18 13:08:41,INFO,UI,"/home/john/Documents/GitHub/TM-SGNL-Android/app/src/main/res/layout/progress_card_dialog.xml","MODIFIED","Removed TeleMessage references"
2025-05-18 13:08:41,INFO,UI,"/home/john/Documents/GitHub/TM-SGNL-Android/app/src/main/res/layout/prompt_battery_saver_bottom_sheet.xml","MODIFIED","Removed TeleMessage references"
2025-05-18 13:08:41,INFO,UI,"/home/john/Documents/GitHub/TM-SGNL-Android/app/src/main/res/layout/prompt_passphrase_activity.xml","MODIFIED","Removed TeleMessage references"
2025-05-18 13:08:41,INFO,UI,"/home/john/Documents/GitHub/TM-SGNL-Android/app/src/main/res/layout/proxy_bottom_sheet.xml","MODIFIED","Removed TeleMessage references"
2025-05-18 13:08:41,INFO,UI,"/home/john/Documents/GitHub/TM-SGNL-Android/app/src/main/res/layout/react_with_any_emoji_bottom_sheet_dialog_fragment.xml","MODIFIED","Removed TeleMessage references"
2025-05-18 13:08:41,INFO,UI,"/home/john/Documents/GitHub/TM-SGNL-Android/app/src/main/res/layout/reaction_burst_view.xml","MODIFIED","Removed TeleMessage references"
2025-05-18 13:08:41,INFO,UI,"/home/john/Documents/GitHub/TM-SGNL-Android/app/src/main/res/layout/reactions_bottom_sheet_dialog_fragment_emoji_item.xml","MODIFIED","Removed TeleMessage references"
2025-05-18 13:08:41,INFO,UI,"/home/john/Documents/GitHub/TM-SGNL-Android/app/src/main/res/layout/reactions_bottom_sheet_dialog_fragment_recipient_item.xml","MODIFIED","Removed TeleMessage references"
2025-05-18 13:08:41,INFO,UI,"/home/john/Documents/GitHub/TM-SGNL-Android/app/src/main/res/layout/reactions_pill.xml","MODIFIED","Removed TeleMessage references"
2025-05-18 13:08:41,INFO,UI,"/home/john/Documents/GitHub/TM-SGNL-Android/app/src/main/res/layout/recent_photo_view_item.xml","MODIFIED","Removed TeleMessage references"
2025-05-18 13:08:41,INFO,UI,"/home/john/Documents/GitHub/TM-SGNL-Android/app/src/main/res/layout/recipient_bottom_sheet.xml","MODIFIED","Removed TeleMessage references"
2025-05-18 13:08:41,INFO,UI,"/home/john/Documents/GitHub/TM-SGNL-Android/app/src/main/res/layout/recipient_preference_photo_rail_item.xml","MODIFIED","Removed TeleMessage references"
2025-05-18 13:08:41,INFO,UI,"/home/john/Documents/GitHub/TM-SGNL-Android/app/src/main/res/layout/review_banner_view.xml","MODIFIED","Removed TeleMessage references"
2025-05-18 13:08:41,INFO,UI,"/home/john/Documents/GitHub/TM-SGNL-Android/app/src/main/res/layout/review_card.xml","MODIFIED","Removed TeleMessage references"
2025-05-18 13:08:41,INFO,UI,"/home/john/Documents/GitHub/TM-SGNL-Android/app/src/main/res/layout/safety_number_bucket_row_item.xml","MODIFIED","Removed TeleMessage references"
2025-05-18 13:08:41,INFO,UI,"/home/john/Documents/GitHub/TM-SGNL-Android/app/src/main/res/layout/safety_number_change_recipient.xml","MODIFIED","Removed TeleMessage references"
2025-05-18 13:08:41,INFO,UI,"/home/john/Documents/GitHub/TM-SGNL-Android/app/src/main/res/layout/safety_number_qr_page_fragment.xml","MODIFIED","Removed TeleMessage references"
2025-05-18 13:08:41,INFO,UI,"/home/john/Documents/GitHub/TM-SGNL-Android/app/src/main/res/layout/safety_number_qr_view.xml","MODIFIED","Removed TeleMessage references"
2025-05-18 13:08:42,INFO,UI,"/home/john/Documents/GitHub/TM-SGNL-Android/app/src/main/res/layout/safety_number_recipient_row_item.xml","MODIFIED","Removed TeleMessage references"
2025-05-18 13:08:42,INFO,UI,"/home/john/Documents/GitHub/TM-SGNL-Android/app/src/main/res/layout/scribble_fragment_emojidrawer_stub.xml","MODIFIED","Removed TeleMessage references"
2025-05-18 13:08:42,INFO,UI,"/home/john/Documents/GitHub/TM-SGNL-Android/app/src/main/res/layout/scribble_select_new_sticker_activity.xml","MODIFIED","Removed TeleMessage references"
2025-05-18 13:08:42,INFO,UI,"/home/john/Documents/GitHub/TM-SGNL-Android/app/src/main/res/layout/share_contact_selection_item.xml","MODIFIED","Removed TeleMessage references"
2025-05-18 13:08:42,INFO,UI,"/home/john/Documents/GitHub/TM-SGNL-Android/app/src/main/res/layout/share_interstitial_activity.xml","MODIFIED","Removed TeleMessage references"
2025-05-18 13:08:42,INFO,UI,"/home/john/Documents/GitHub/TM-SGNL-Android/app/src/main/res/layout/shared_contact_view.xml","MODIFIED","Removed TeleMessage references"
2025-05-18 13:08:42,INFO,UI,"/home/john/Documents/GitHub/TM-SGNL-Android/app/src/main/res/layout/show_admin_bottom_sheet.xml","MODIFIED","Removed TeleMessage references"
2025-05-18 13:08:42,INFO,UI,"/home/john/Documents/GitHub/TM-SGNL-Android/app/src/main/res/layout/signal_bottom_action_bar_item.xml","MODIFIED","Removed TeleMessage references"
2025-05-18 13:08:42,INFO,UI,"/home/john/Documents/GitHub/TM-SGNL-Android/app/src/main/res/layout/signal_context_menu_item.xml","MODIFIED","Removed TeleMessage references"
2025-05-18 13:08:42,INFO,UI,"/home/john/Documents/GitHub/TM-SGNL-Android/app/src/main/res/layout/sticker_management_empty_item.xml","MODIFIED","Removed TeleMessage references"
2025-05-18 13:08:42,INFO,UI,"/home/john/Documents/GitHub/TM-SGNL-Android/app/src/main/res/layout/sticker_management_header_item.xml","MODIFIED","Removed TeleMessage references"
2025-05-18 13:08:42,INFO,UI,"/home/john/Documents/GitHub/TM-SGNL-Android/app/src/main/res/layout/sticker_management_sticker_item.xml","MODIFIED","Removed TeleMessage references"
2025-05-18 13:08:42,INFO,UI,"/home/john/Documents/GitHub/TM-SGNL-Android/app/src/main/res/layout/sticker_preview_activity.xml","MODIFIED","Removed TeleMessage references"
2025-05-18 13:08:42,INFO,UI,"/home/john/Documents/GitHub/TM-SGNL-Android/app/src/main/res/layout/sticker_preview_popup.xml","MODIFIED","Removed TeleMessage references"
2025-05-18 13:08:42,INFO,UI,"/home/john/Documents/GitHub/TM-SGNL-Android/app/src/main/res/layout/sticker_search_dialog_fragment.xml","MODIFIED","Removed TeleMessage references"
2025-05-18 13:08:42,INFO,UI,"/home/john/Documents/GitHub/TM-SGNL-Android/app/src/main/res/layout/sticker_view.xml","MODIFIED","Removed TeleMessage references"
2025-05-18 13:08:42,INFO,UI,"/home/john/Documents/GitHub/TM-SGNL-Android/app/src/main/res/layout/stories_base_recipient_selection_fragment.xml","MODIFIED","Removed TeleMessage references"
2025-05-18 13:08:42,INFO,UI,"/home/john/Documents/GitHub/TM-SGNL-Android/app/src/main/res/layout/stories_choose_group_bottom_sheet.xml","MODIFIED","Removed TeleMessage references"
2025-05-18 13:08:42,INFO,UI,"/home/john/Documents/GitHub/TM-SGNL-Android/app/src/main/res/layout/stories_create_story_name_field_item.xml","MODIFIED","Removed TeleMessage references"
2025-05-18 13:08:42,INFO,UI,"/home/john/Documents/GitHub/TM-SGNL-Android/app/src/main/res/layout/stories_create_with_recipients_fragment.xml","MODIFIED","Removed TeleMessage references"
2025-05-18 13:08:42,INFO,UI,"/home/john/Documents/GitHub/TM-SGNL-Android/app/src/main/res/layout/stories_edit_story_name_fragment.xml","MODIFIED","Removed TeleMessage references"
2025-05-18 13:08:42,INFO,UI,"/home/john/Documents/GitHub/TM-SGNL-Android/app/src/main/res/layout/stories_group_replies_fragment.xml","MODIFIED","Removed TeleMessage references"
2025-05-18 13:08:42,INFO,UI,"/home/john/Documents/GitHub/TM-SGNL-Android/app/src/main/res/layout/stories_group_text_reply_item.xml","MODIFIED","Removed TeleMessage references"
2025-05-18 13:08:42,INFO,UI,"/home/john/Documents/GitHub/TM-SGNL-Android/app/src/main/res/layout/stories_landing_fragment.xml","MODIFIED","Removed TeleMessage references"
2025-05-18 13:08:42,INFO,UI,"/home/john/Documents/GitHub/TM-SGNL-Android/app/src/main/res/layout/stories_landing_item.xml","MODIFIED","Removed TeleMessage references"
2025-05-18 13:08:42,INFO,UI,"/home/john/Documents/GitHub/TM-SGNL-Android/app/src/main/res/layout/stories_landing_item_my_stories.xml","MODIFIED","Removed TeleMessage references"
2025-05-18 13:08:42,INFO,UI,"/home/john/Documents/GitHub/TM-SGNL-Android/app/src/main/res/layout/stories_landing_reminder_view.xml","MODIFIED","Removed TeleMessage references"
2025-05-18 13:08:42,INFO,UI,"/home/john/Documents/GitHub/TM-SGNL-Android/app/src/main/res/layout/stories_multiselect_forward_activity.xml","MODIFIED","Removed TeleMessage references"
2025-05-18 13:08:42,INFO,UI,"/home/john/Documents/GitHub/TM-SGNL-Android/app/src/main/res/layout/stories_my_stories_item.xml","MODIFIED","Removed TeleMessage references"
2025-05-18 13:08:42,INFO,UI,"/home/john/Documents/GitHub/TM-SGNL-Android/app/src/main/res/layout/stories_post_fragment.xml","MODIFIED","Removed TeleMessage references"
2025-05-18 13:08:42,INFO,UI,"/home/john/Documents/GitHub/TM-SGNL-Android/app/src/main/res/layout/stories_private_story_item.xml","MODIFIED","Removed TeleMessage references"
2025-05-18 13:08:42,INFO,UI,"/home/john/Documents/GitHub/TM-SGNL-Android/app/src/main/res/layout/stories_private_story_recipient_item.xml","MODIFIED","Removed TeleMessage references"
2025-05-18 13:08:42,INFO,UI,"/home/john/Documents/GitHub/TM-SGNL-Android/app/src/main/res/layout/stories_reaction_bar.xml","MODIFIED","Removed TeleMessage references"
2025-05-18 13:08:42,INFO,UI,"/home/john/Documents/GitHub/TM-SGNL-Android/app/src/main/res/layout/stories_recipient_item.xml","MODIFIED","Removed TeleMessage references"
2025-05-18 13:08:42,INFO,UI,"/home/john/Documents/GitHub/TM-SGNL-Android/app/src/main/res/layout/stories_reply_to_story_composer.xml","MODIFIED","Removed TeleMessage references"
2025-05-18 13:08:42,INFO,UI,"/home/john/Documents/GitHub/TM-SGNL-Android/app/src/main/res/layout/stories_reply_to_story_composer_content.xml","MODIFIED","Removed TeleMessage references"
2025-05-18 13:08:42,INFO,UI,"/home/john/Documents/GitHub/TM-SGNL-Android/app/src/main/res/layout/stories_reply_to_story_fragment.xml","MODIFIED","Removed TeleMessage references"
2025-05-18 13:08:42,INFO,UI,"/home/john/Documents/GitHub/TM-SGNL-Android/app/src/main/res/layout/stories_story_view_item.xml","MODIFIED","Removed TeleMessage references"
2025-05-18 13:08:42,INFO,UI,"/home/john/Documents/GitHub/TM-SGNL-Android/app/src/main/res/layout/stories_text_post_creation_fragment.xml","MODIFIED","Removed TeleMessage references"
2025-05-18 13:08:42,INFO,UI,"/home/john/Documents/GitHub/TM-SGNL-Android/app/src/main/res/layout/stories_text_post_link_entry_content.xml","MODIFIED","Removed TeleMessage references"
2025-05-18 13:08:42,INFO,UI,"/home/john/Documents/GitHub/TM-SGNL-Android/app/src/main/res/layout/stories_text_post_link_entry_fragment.xml","MODIFIED","Removed TeleMessage references"
2025-05-18 13:08:42,INFO,UI,"/home/john/Documents/GitHub/TM-SGNL-Android/app/src/main/res/layout/stories_text_post_link_preview.xml","MODIFIED","Removed TeleMessage references"
2025-05-18 13:08:42,INFO,UI,"/home/john/Documents/GitHub/TM-SGNL-Android/app/src/main/res/layout/stories_text_post_text_entry_content.xml","MODIFIED","Removed TeleMessage references"
2025-05-18 13:08:42,INFO,UI,"/home/john/Documents/GitHub/TM-SGNL-Android/app/src/main/res/layout/stories_text_post_text_entry_fragment.xml","MODIFIED","Removed TeleMessage references"
2025-05-18 13:08:42,INFO,UI,"/home/john/Documents/GitHub/TM-SGNL-Android/app/src/main/res/layout/stories_text_post_view.xml","MODIFIED","Removed TeleMessage references"
2025-05-18 13:08:42,INFO,UI,"/home/john/Documents/GitHub/TM-SGNL-Android/app/src/main/res/layout/stories_viewer_fragment.xml","MODIFIED","Removed TeleMessage references"
2025-05-18 13:08:42,INFO,UI,"/home/john/Documents/GitHub/TM-SGNL-Android/app/src/main/res/layout/stories_viewer_fragment_page.xml","MODIFIED","Removed TeleMessage references"
2025-05-18 13:08:42,INFO,UI,"/home/john/Documents/GitHub/TM-SGNL-Android/app/src/main/res/layout/stories_views_and_replies_fragment.xml","MODIFIED","Removed TeleMessage references"
2025-05-18 13:08:42,INFO,UI,"/home/john/Documents/GitHub/TM-SGNL-Android/app/src/main/res/layout/story_info_recipient_row.xml","MODIFIED","Removed TeleMessage references"
2025-05-18 13:08:42,INFO,UI,"/home/john/Documents/GitHub/TM-SGNL-Android/app/src/main/res/layout/story_viewer_first_time_navigation_stub.xml","MODIFIED","Removed TeleMessage references"
2025-05-18 13:08:42,INFO,UI,"/home/john/Documents/GitHub/TM-SGNL-Android/app/src/main/res/layout/story_volume_overlay_view.xml","MODIFIED","Removed TeleMessage references"
2025-05-18 13:08:42,INFO,UI,"/home/john/Documents/GitHub/TM-SGNL-Android/app/src/main/res/layout/submit_debug_log_activity.xml","MODIFIED","Removed TeleMessage references"
2025-05-18 13:08:42,INFO,UI,"/home/john/Documents/GitHub/TM-SGNL-Android/app/src/main/res/layout/submit_debug_log_line_item.xml","MODIFIED","Removed TeleMessage references"
2025-05-18 13:08:42,INFO,UI,"/home/john/Documents/GitHub/TM-SGNL-Android/app/src/main/res/layout/subscription_flow_badge_preview_preference.xml","MODIFIED","Removed TeleMessage references"
2025-05-18 13:08:42,INFO,UI,"/home/john/Documents/GitHub/TM-SGNL-Android/app/src/main/res/layout/subscription_preference.xml","MODIFIED","Removed TeleMessage references"
2025-05-18 13:08:42,INFO,UI,"/home/john/Documents/GitHub/TM-SGNL-Android/app/src/main/res/layout/text_avatar_creation_fragment.xml","MODIFIED","Removed TeleMessage references"
2025-05-18 13:08:42,INFO,UI,"/home/john/Documents/GitHub/TM-SGNL-Android/app/src/main/res/layout/text_avatar_creation_fragment_content.xml","MODIFIED","Removed TeleMessage references"
2025-05-18 13:08:42,INFO,UI,"/home/john/Documents/GitHub/TM-SGNL-Android/app/src/main/res/layout/text_avatar_creation_fragment_content_hidden_recycler.xml","MODIFIED","Removed TeleMessage references"
2025-05-18 13:08:42,INFO,UI,"/home/john/Documents/GitHub/TM-SGNL-Android/app/src/main/res/layout/thanks_for_your_support_bottom_sheet_dialog_fragment.xml","MODIFIED","Removed TeleMessage references"
2025-05-18 13:08:42,INFO,UI,"/home/john/Documents/GitHub/TM-SGNL-Android/app/src/main/res/layout/time_duration_picker_dialog.xml","MODIFIED","Removed TeleMessage references"
2025-05-18 13:08:42,INFO,UI,"/home/john/Documents/GitHub/TM-SGNL-Android/app/src/main/res/layout/transfer_controls_stub.xml","MODIFIED","Removed TeleMessage references"
2025-05-18 13:08:42,INFO,UI,"/home/john/Documents/GitHub/TM-SGNL-Android/app/src/main/res/layout/transfer_controls_view.xml","MODIFIED","Removed TeleMessage references"
2025-05-18 13:08:42,INFO,UI,"/home/john/Documents/GitHub/TM-SGNL-Android/app/src/main/res/layout/typing_indicator_view.xml","MODIFIED","Removed TeleMessage references"
2025-05-18 13:08:42,INFO,UI,"/home/john/Documents/GitHub/TM-SGNL-Android/app/src/main/res/layout/username_edit_fragment.xml","MODIFIED","Removed TeleMessage references"
2025-05-18 13:08:42,INFO,UI,"/home/john/Documents/GitHub/TM-SGNL-Android/app/src/main/res/layout/username_qr_image_selection_activity.xml","MODIFIED","Removed TeleMessage references"
2025-05-18 13:08:42,INFO,UI,"/home/john/Documents/GitHub/TM-SGNL-Android/app/src/main/res/layout/v2_conversation_fragment.xml","MODIFIED","Removed TeleMessage references"
2025-05-18 13:08:42,INFO,UI,"/home/john/Documents/GitHub/TM-SGNL-Android/app/src/main/res/layout/v2_conversation_item_media_incoming.xml","MODIFIED","Removed TeleMessage references"
2025-05-18 13:08:42,INFO,UI,"/home/john/Documents/GitHub/TM-SGNL-Android/app/src/main/res/layout/v2_conversation_item_media_outgoing.xml","MODIFIED","Removed TeleMessage references"
2025-05-18 13:08:42,INFO,UI,"/home/john/Documents/GitHub/TM-SGNL-Android/app/src/main/res/layout/v2_conversation_item_quote_stub.xml","MODIFIED","Removed TeleMessage references"
2025-05-18 13:08:42,INFO,UI,"/home/john/Documents/GitHub/TM-SGNL-Android/app/src/main/res/layout/v2_conversation_item_text_only_incoming.xml","MODIFIED","Removed TeleMessage references"
2025-05-18 13:08:42,INFO,UI,"/home/john/Documents/GitHub/TM-SGNL-Android/app/src/main/res/layout/v2_conversation_item_text_only_outgoing.xml","MODIFIED","Removed TeleMessage references"
2025-05-18 13:08:42,INFO,UI,"/home/john/Documents/GitHub/TM-SGNL-Android/app/src/main/res/layout/v2_conversation_item_thumbnail_stub.xml","MODIFIED","Removed TeleMessage references"
2025-05-18 13:08:42,INFO,UI,"/home/john/Documents/GitHub/TM-SGNL-Android/app/src/main/res/layout/v2_media_add_message_dialog_fragment.xml","MODIFIED","Removed TeleMessage references"
2025-05-18 13:08:42,INFO,UI,"/home/john/Documents/GitHub/TM-SGNL-Android/app/src/main/res/layout/v2_media_add_message_dialog_fragment_content.xml","MODIFIED","Removed TeleMessage references"
2025-05-18 13:08:42,INFO,UI,"/home/john/Documents/GitHub/TM-SGNL-Android/app/src/main/res/layout/v2_media_gallery_fragment.xml","MODIFIED","Removed TeleMessage references"
2025-05-18 13:08:42,INFO,UI,"/home/john/Documents/GitHub/TM-SGNL-Android/app/src/main/res/layout/v2_media_image_editor_hud.xml","MODIFIED","Removed TeleMessage references"
2025-05-18 13:08:42,INFO,UI,"/home/john/Documents/GitHub/TM-SGNL-Android/app/src/main/res/layout/v2_media_image_editor_text_entry_fragment.xml","MODIFIED","Removed TeleMessage references"
2025-05-18 13:08:42,INFO,UI,"/home/john/Documents/GitHub/TM-SGNL-Android/app/src/main/res/layout/v2_media_review_fragment.xml","MODIFIED","Removed TeleMessage references"
2025-05-18 13:08:42,INFO,UI,"/home/john/Documents/GitHub/TM-SGNL-Android/app/src/main/res/layout/v2_quote_view.xml","MODIFIED","Removed TeleMessage references"
2025-05-18 13:08:42,INFO,UI,"/home/john/Documents/GitHub/TM-SGNL-Android/app/src/main/res/layout/vector_avatar_creation_fragment.xml","MODIFIED","Removed TeleMessage references"
2025-05-18 13:08:42,INFO,UI,"/home/john/Documents/GitHub/TM-SGNL-Android/app/src/main/res/layout/verification_pin_keyboard_view.xml","MODIFIED","Removed TeleMessage references"
2025-05-18 13:08:42,INFO,UI,"/home/john/Documents/GitHub/TM-SGNL-Android/app/src/main/res/layout/verify_display_fragment.xml","MODIFIED","Removed TeleMessage references"
2025-05-18 13:08:42,INFO,UI,"/home/john/Documents/GitHub/TM-SGNL-Android/app/src/main/res/layout/verify_scan_fragment.xml","MODIFIED","Removed TeleMessage references"
2025-05-18 13:08:43,INFO,UI,"/home/john/Documents/GitHub/TM-SGNL-Android/app/src/main/res/layout/view_all_signal_connections_fragment.xml","MODIFIED","Removed TeleMessage references"
2025-05-18 13:08:43,INFO,UI,"/home/john/Documents/GitHub/TM-SGNL-Android/app/src/main/res/layout/view_badge_bottom_sheet_dialog_fragment_page.xml","MODIFIED","Removed TeleMessage references"
2025-05-18 13:08:43,INFO,UI,"/home/john/Documents/GitHub/TM-SGNL-Android/app/src/main/res/layout/view_once_message_activity.xml","MODIFIED","Removed TeleMessage references"
2025-05-18 13:08:43,INFO,UI,"/home/john/Documents/GitHub/TM-SGNL-Android/app/src/main/res/layout/voice_note_draft_view.xml","MODIFIED","Removed TeleMessage references"
2025-05-18 13:08:43,INFO,UI,"/home/john/Documents/GitHub/TM-SGNL-Android/app/src/main/res/layout/voice_note_player_stub.xml","MODIFIED","Removed TeleMessage references"
2025-05-18 13:08:43,INFO,UI,"/home/john/Documents/GitHub/TM-SGNL-Android/app/src/main/res/layout/voice_note_player_view.xml","MODIFIED","Removed TeleMessage references"
2025-05-18 13:08:43,INFO,UI,"/home/john/Documents/GitHub/TM-SGNL-Android/app/src/main/res/layout/webrtc_call_activity.xml","MODIFIED","Removed TeleMessage references"
2025-05-18 13:08:43,INFO,UI,"/home/john/Documents/GitHub/TM-SGNL-Android/app/src/main/res/layout/webrtc_call_controls.xml","MODIFIED","Removed TeleMessage references"
2025-05-18 13:08:43,INFO,UI,"/home/john/Documents/GitHub/TM-SGNL-Android/app/src/main/res/layout/webrtc_call_participants_layout.xml","MODIFIED","Removed TeleMessage references"
2025-05-18 13:08:43,INFO,UI,"/home/john/Documents/GitHub/TM-SGNL-Android/app/src/main/res/layout/webrtc_call_reaction_recycler_item.xml","MODIFIED","Removed TeleMessage references"
2025-05-18 13:08:43,INFO,UI,"/home/john/Documents/GitHub/TM-SGNL-Android/app/src/main/res/layout/webrtc_call_view.xml","MODIFIED","Removed TeleMessage references"
2025-05-18 13:08:43,INFO,UI,"/home/john/Documents/GitHub/TM-SGNL-Android/app/src/main/res/layout/webrtc_call_view_header_large.xml","MODIFIED","Removed TeleMessage references"
2025-05-18 13:08:43,INFO,UI,"/home/john/Documents/GitHub/TM-SGNL-Android/app/src/main/res/layout/zooming_image_view.xml","MODIFIED","Removed TeleMessage references"
2025-05-18 13:08:43,INFO,UI,"/home/john/Documents/GitHub/TM-SGNL-Android/app/src/tm/res/layout/fragment_registration_enter_phone_number.xml","MODIFIED","Removed TeleMessage references"
2025-05-18 13:08:43,INFO,UI,"/home/john/Documents/GitHub/TM-SGNL-Android/app/src/tm/res/layout/settings_about_custom_layout.xml","MODIFIED","Removed TeleMessage references"
2025-05-18 13:08:43,WARN,AUDIT,"/home/john/Documents/GitHub/TM-SGNL-Android/app/build.gradle.kts","FOUND","Remaining reference found"
2025-05-18 13:08:43,WARN,AUDIT,"/home/john/Documents/GitHub/TM-SGNL-Android/app/libs/androidcopysdk-signal/resources/AndroidManifest.xml","FOUND","Remaining reference found"
2025-05-18 13:08:43,WARN,AUDIT,"/home/john/Documents/GitHub/TM-SGNL-Android/app/libs/androidcopysdk-signal/resources/res/values/values.xml","FOUND","Remaining reference found"
2025-05-18 13:08:43,WARN,AUDIT,"/home/john/Documents/GitHub/TM-SGNL-Android/app/libs/androidcopysdk-signal/sources/com/tm/androidcopysdk/AlarmService.java","FOUND","Remaining reference found"
2025-05-18 13:08:43,WARN,AUDIT,"/home/john/Documents/GitHub/TM-SGNL-Android/app/libs/androidcopysdk-signal/sources/com/tm/androidcopysdk/AndroidCopySDK.java","FOUND","Remaining reference found"
2025-05-18 13:08:43,WARN,AUDIT,"/home/john/Documents/GitHub/TM-SGNL-Android/app/libs/androidcopysdk-signal/sources/com/tm/androidcopysdk/AndroidCopySettings.java","FOUND","Remaining reference found"
2025-05-18 13:08:43,WARN,AUDIT,"/home/john/Documents/GitHub/TM-SGNL-Android/app/libs/androidcopysdk-signal/sources/com/tm/androidcopysdk/AndroidcopyInfo.java","FOUND","Remaining reference found"
2025-05-18 13:08:43,WARN,AUDIT,"/home/john/Documents/GitHub/TM-SGNL-Android/app/libs/androidcopysdk-signal/sources/com/tm/androidcopysdk/ArchiveMessageEvent.java","FOUND","Remaining reference found"
2025-05-18 13:08:43,WARN,AUDIT,"/home/john/Documents/GitHub/TM-SGNL-Android/app/libs/androidcopysdk-signal/sources/com/tm/androidcopysdk/AudioSettingsManager.java","FOUND","Remaining reference found"
2025-05-18 13:08:43,WARN,AUDIT,"/home/john/Documents/GitHub/TM-SGNL-Android/app/libs/androidcopysdk-signal/sources/com/tm/androidcopysdk/AuthenticationService.java","FOUND","Remaining reference found"
2025-05-18 13:08:43,WARN,AUDIT,"/home/john/Documents/GitHub/TM-SGNL-Android/app/libs/androidcopysdk-signal/sources/com/tm/androidcopysdk/BackupJobIntentService.java","FOUND","Remaining reference found"
2025-05-18 13:08:43,WARN,AUDIT,"/home/john/Documents/GitHub/TM-SGNL-Android/app/libs/androidcopysdk-signal/sources/com/tm/androidcopysdk/BackupService.java","FOUND","Remaining reference found"
2025-05-18 13:08:43,WARN,AUDIT,"/home/john/Documents/GitHub/TM-SGNL-Android/app/libs/androidcopysdk-signal/sources/com/tm/androidcopysdk/BackupWorker.java","FOUND","Remaining reference found"
2025-05-18 13:08:43,WARN,AUDIT,"/home/john/Documents/GitHub/TM-SGNL-Android/app/libs/androidcopysdk-signal/sources/com/tm/androidcopysdk/BuildConfig.java","FOUND","Remaining reference found"
2025-05-18 13:08:43,WARN,AUDIT,"/home/john/Documents/GitHub/TM-SGNL-Android/app/libs/androidcopysdk-signal/sources/com/tm/androidcopysdk/CallListener.java","FOUND","Remaining reference found"
2025-05-18 13:08:43,WARN,AUDIT,"/home/john/Documents/GitHub/TM-SGNL-Android/app/libs/androidcopysdk-signal/sources/com/tm/androidcopysdk/CallObj.java","FOUND","Remaining reference found"
2025-05-18 13:08:43,WARN,AUDIT,"/home/john/Documents/GitHub/TM-SGNL-Android/app/libs/androidcopysdk-signal/sources/com/tm/androidcopysdk/CallReceiver.java","FOUND","Remaining reference found"
2025-05-18 13:08:43,WARN,AUDIT,"/home/john/Documents/GitHub/TM-SGNL-Android/app/libs/androidcopysdk-signal/sources/com/tm/androidcopysdk/CallRecorder.java","FOUND","Remaining reference found"
2025-05-18 13:08:43,WARN,AUDIT,"/home/john/Documents/GitHub/TM-SGNL-Android/app/libs/androidcopysdk-signal/sources/com/tm/androidcopysdk/CallRecorderService.java","FOUND","Remaining reference found"
2025-05-18 13:08:43,WARN,AUDIT,"/home/john/Documents/GitHub/TM-SGNL-Android/app/libs/androidcopysdk-signal/sources/com/tm/androidcopysdk/CommonUtils.java","FOUND","Remaining reference found"
2025-05-18 13:08:43,WARN,AUDIT,"/home/john/Documents/GitHub/TM-SGNL-Android/app/libs/androidcopysdk-signal/sources/com/tm/androidcopysdk/CompressionService.java","FOUND","Remaining reference found"
2025-05-18 13:08:43,WARN,AUDIT,"/home/john/Documents/GitHub/TM-SGNL-Android/app/libs/androidcopysdk-signal/sources/com/tm/androidcopysdk/DataGrabber.java","FOUND","Remaining reference found"
2025-05-18 13:08:43,WARN,AUDIT,"/home/john/Documents/GitHub/TM-SGNL-Android/app/libs/androidcopysdk-signal/sources/com/tm/androidcopysdk/DefinitionsSDKKt.java","FOUND","Remaining reference found"
2025-05-18 13:08:43,WARN,AUDIT,"/home/john/Documents/GitHub/TM-SGNL-Android/app/libs/androidcopysdk-signal/sources/com/tm/androidcopysdk/GetMessagesService.java","FOUND","Remaining reference found"
2025-05-18 13:08:43,WARN,AUDIT,"/home/john/Documents/GitHub/TM-SGNL-Android/app/libs/androidcopysdk-signal/sources/com/tm/androidcopysdk/GetOldMessagesService.java","FOUND","Remaining reference found"
2025-05-18 13:08:43,WARN,AUDIT,"/home/john/Documents/GitHub/TM-SGNL-Android/app/libs/androidcopysdk-signal/sources/com/tm/androidcopysdk/HandleResponseListener.java","FOUND","Remaining reference found"
2025-05-18 13:08:43,WARN,AUDIT,"/home/john/Documents/GitHub/TM-SGNL-Android/app/libs/androidcopysdk-signal/sources/com/tm/androidcopysdk/HeaderObj.java","FOUND","Remaining reference found"
2025-05-18 13:08:43,WARN,AUDIT,"/home/john/Documents/GitHub/TM-SGNL-Android/app/libs/androidcopysdk-signal/sources/com/tm/androidcopysdk/ISendLogCallback.java","FOUND","Remaining reference found"
2025-05-18 13:08:43,WARN,AUDIT,"/home/john/Documents/GitHub/TM-SGNL-Android/app/libs/androidcopysdk-signal/sources/com/tm/androidcopysdk/MMSIncomingReceiver.java","FOUND","Remaining reference found"
2025-05-18 13:08:43,WARN,AUDIT,"/home/john/Documents/GitHub/TM-SGNL-Android/app/libs/androidcopysdk-signal/sources/com/tm/androidcopysdk/MessageEvent.java","FOUND","Remaining reference found"
2025-05-18 13:08:43,WARN,AUDIT,"/home/john/Documents/GitHub/TM-SGNL-Android/app/libs/androidcopysdk-signal/sources/com/tm/androidcopysdk/MessageType.java","FOUND","Remaining reference found"
2025-05-18 13:08:43,WARN,AUDIT,"/home/john/Documents/GitHub/TM-SGNL-Android/app/libs/androidcopysdk-signal/sources/com/tm/androidcopysdk/Models/AudioSettings.java","FOUND","Remaining reference found"
2025-05-18 13:08:43,WARN,AUDIT,"/home/john/Documents/GitHub/TM-SGNL-Android/app/libs/androidcopysdk-signal/sources/com/tm/androidcopysdk/Models/MessageDetailsArchive.java","FOUND","Remaining reference found"
2025-05-18 13:08:43,WARN,AUDIT,"/home/john/Documents/GitHub/TM-SGNL-Android/app/libs/androidcopysdk-signal/sources/com/tm/androidcopysdk/Models/RecFileExt.java","FOUND","Remaining reference found"
2025-05-18 13:08:43,WARN,AUDIT,"/home/john/Documents/GitHub/TM-SGNL-Android/app/libs/androidcopysdk-signal/sources/com/tm/androidcopysdk/Models/SignatureInfo.java","FOUND","Remaining reference found"
2025-05-18 13:08:43,WARN,AUDIT,"/home/john/Documents/GitHub/TM-SGNL-Android/app/libs/androidcopysdk-signal/sources/com/tm/androidcopysdk/MultipleCall.java","FOUND","Remaining reference found"
2025-05-18 13:08:43,WARN,AUDIT,"/home/john/Documents/GitHub/TM-SGNL-Android/app/libs/androidcopysdk-signal/sources/com/tm/androidcopysdk/NetworkAndChargingService.java","FOUND","Remaining reference found"
2025-05-18 13:08:43,WARN,AUDIT,"/home/john/Documents/GitHub/TM-SGNL-Android/app/libs/androidcopysdk-signal/sources/com/tm/androidcopysdk/NetworkService.java","FOUND","Remaining reference found"
2025-05-18 13:08:43,WARN,AUDIT,"/home/john/Documents/GitHub/TM-SGNL-Android/app/libs/androidcopysdk-signal/sources/com/tm/androidcopysdk/Packager.java","FOUND","Remaining reference found"
2025-05-18 13:08:43,WARN,AUDIT,"/home/john/Documents/GitHub/TM-SGNL-Android/app/libs/androidcopysdk-signal/sources/com/tm/androidcopysdk/SDKSettings.java","FOUND","Remaining reference found"
2025-05-18 13:08:43,WARN,AUDIT,"/home/john/Documents/GitHub/TM-SGNL-Android/app/libs/androidcopysdk-signal/sources/com/tm/androidcopysdk/SMSIncomingReceiver.java","FOUND","Remaining reference found"
2025-05-18 13:08:43,WARN,AUDIT,"/home/john/Documents/GitHub/TM-SGNL-Android/app/libs/androidcopysdk-signal/sources/com/tm/androidcopysdk/SettingsEvent.java","FOUND","Remaining reference found"
2025-05-18 13:08:43,WARN,AUDIT,"/home/john/Documents/GitHub/TM-SGNL-Android/app/libs/androidcopysdk-signal/sources/com/tm/androidcopysdk/ShutdownReceiver.java","FOUND","Remaining reference found"
2025-05-18 13:08:43,WARN,AUDIT,"/home/john/Documents/GitHub/TM-SGNL-Android/app/libs/androidcopysdk-signal/sources/com/tm/androidcopysdk/SimChangedReceiver.java","FOUND","Remaining reference found"
2025-05-18 13:08:43,WARN,AUDIT,"/home/john/Documents/GitHub/TM-SGNL-Android/app/libs/androidcopysdk-signal/sources/com/tm/androidcopysdk/Startup.java","FOUND","Remaining reference found"
2025-05-18 13:08:43,WARN,AUDIT,"/home/john/Documents/GitHub/TM-SGNL-Android/app/libs/androidcopysdk-signal/sources/com/tm/androidcopysdk/StatusListener.java","FOUND","Remaining reference found"
2025-05-18 13:08:43,WARN,AUDIT,"/home/john/Documents/GitHub/TM-SGNL-Android/app/libs/androidcopysdk-signal/sources/com/tm/androidcopysdk/StopBackupWorker.java","FOUND","Remaining reference found"
2025-05-18 13:08:43,WARN,AUDIT,"/home/john/Documents/GitHub/TM-SGNL-Android/app/libs/androidcopysdk-signal/sources/com/tm/androidcopysdk/StubAuthenticator.java","FOUND","Remaining reference found"
2025-05-18 13:08:43,WARN,AUDIT,"/home/john/Documents/GitHub/TM-SGNL-Android/app/libs/androidcopysdk-signal/sources/com/tm/androidcopysdk/StubMessageContentProvider.java","FOUND","Remaining reference found"
2025-05-18 13:08:43,WARN,AUDIT,"/home/john/Documents/GitHub/TM-SGNL-Android/app/libs/androidcopysdk-signal/sources/com/tm/androidcopysdk/SyncAdapter.java","FOUND","Remaining reference found"
2025-05-18 13:08:43,WARN,AUDIT,"/home/john/Documents/GitHub/TM-SGNL-Android/app/libs/androidcopysdk-signal/sources/com/tm/androidcopysdk/SyncService.java","FOUND","Remaining reference found"
2025-05-18 13:08:43,WARN,AUDIT,"/home/john/Documents/GitHub/TM-SGNL-Android/app/libs/androidcopysdk-signal/sources/com/tm/androidcopysdk/UpgradeVersionIntentService.java","FOUND","Remaining reference found"
2025-05-18 13:08:43,WARN,AUDIT,"/home/john/Documents/GitHub/TM-SGNL-Android/app/libs/androidcopysdk-signal/sources/com/tm/androidcopysdk/Uploader.java","FOUND","Remaining reference found"
2025-05-18 13:08:43,WARN,AUDIT,"/home/john/Documents/GitHub/TM-SGNL-Android/app/libs/androidcopysdk-signal/sources/com/tm/androidcopysdk/api/IArchiveDatabase.java","FOUND","Remaining reference found"
2025-05-18 13:08:43,WARN,AUDIT,"/home/john/Documents/GitHub/TM-SGNL-Android/app/libs/androidcopysdk-signal/sources/com/tm/androidcopysdk/api/IArchiveMessageDao.java","FOUND","Remaining reference found"
2025-05-18 13:08:43,WARN,AUDIT,"/home/john/Documents/GitHub/TM-SGNL-Android/app/libs/androidcopysdk-signal/sources/com/tm/androidcopysdk/api/IArchiveMessageHeaderDao.java","FOUND","Remaining reference found"
2025-05-18 13:08:43,WARN,AUDIT,"/home/john/Documents/GitHub/TM-SGNL-Android/app/libs/androidcopysdk-signal/sources/com/tm/androidcopysdk/api/IDatabase.java","FOUND","Remaining reference found"
2025-05-18 13:08:43,WARN,AUDIT,"/home/john/Documents/GitHub/TM-SGNL-Android/app/libs/androidcopysdk-signal/sources/com/tm/androidcopysdk/api/IFiler.java","FOUND","Remaining reference found"
2025-05-18 13:08:43,WARN,AUDIT,"/home/john/Documents/GitHub/TM-SGNL-Android/app/libs/androidcopysdk-signal/sources/com/tm/androidcopysdk/api/IMessageStoreObserver.java","FOUND","Remaining reference found"
2025-05-18 13:08:43,WARN,AUDIT,"/home/john/Documents/GitHub/TM-SGNL-Android/app/libs/androidcopysdk-signal/sources/com/tm/androidcopysdk/api/ISharedDao.java","FOUND","Remaining reference found"
2025-05-18 13:08:43,WARN,AUDIT,"/home/john/Documents/GitHub/TM-SGNL-Android/app/libs/androidcopysdk-signal/sources/com/tm/androidcopysdk/api/SdkModule.java","FOUND","Remaining reference found"
2025-05-18 13:08:43,WARN,AUDIT,"/home/john/Documents/GitHub/TM-SGNL-Android/app/libs/androidcopysdk-signal/sources/com/tm/androidcopysdk/compress/AndroidAudioConverter.java","FOUND","Remaining reference found"
2025-05-18 13:08:43,WARN,AUDIT,"/home/john/Documents/GitHub/TM-SGNL-Android/app/libs/androidcopysdk-signal/sources/com/tm/androidcopysdk/compress/AudioFormat.java","FOUND","Remaining reference found"
2025-05-18 13:08:43,WARN,AUDIT,"/home/john/Documents/GitHub/TM-SGNL-Android/app/libs/androidcopysdk-signal/sources/com/tm/androidcopysdk/compress/IConvertCallback.java","FOUND","Remaining reference found"
2025-05-18 13:08:43,WARN,AUDIT,"/home/john/Documents/GitHub/TM-SGNL-Android/app/libs/androidcopysdk-signal/sources/com/tm/androidcopysdk/compress/ILoadCallback.java","FOUND","Remaining reference found"
2025-05-18 13:08:43,WARN,AUDIT,"/home/john/Documents/GitHub/TM-SGNL-Android/app/libs/androidcopysdk-signal/sources/com/tm/androidcopysdk/converter/ArchiveAttachmentConverter.java","FOUND","Remaining reference found"
2025-05-18 13:08:43,WARN,AUDIT,"/home/john/Documents/GitHub/TM-SGNL-Android/app/libs/androidcopysdk-signal/sources/com/tm/androidcopysdk/converter/ArchiveCallInfoConverter.java","FOUND","Remaining reference found"
2025-05-18 13:08:43,WARN,AUDIT,"/home/john/Documents/GitHub/TM-SGNL-Android/app/libs/androidcopysdk-signal/sources/com/tm/androidcopysdk/converter/ArchiveChatConverter.java","FOUND","Remaining reference found"
2025-05-18 13:08:43,WARN,AUDIT,"/home/john/Documents/GitHub/TM-SGNL-Android/app/libs/androidcopysdk-signal/sources/com/tm/androidcopysdk/converter/ArchiveEditMessageConverter.java","FOUND","Remaining reference found"
2025-05-18 13:08:43,WARN,AUDIT,"/home/john/Documents/GitHub/TM-SGNL-Android/app/libs/androidcopysdk-signal/sources/com/tm/androidcopysdk/converter/ArchiveMessageConverter.java","FOUND","Remaining reference found"
2025-05-18 13:08:43,WARN,AUDIT,"/home/john/Documents/GitHub/TM-SGNL-Android/app/libs/androidcopysdk-signal/sources/com/tm/androidcopysdk/converter/ArchiveRecipientConverter.java","FOUND","Remaining reference found"
2025-05-18 13:08:43,WARN,AUDIT,"/home/john/Documents/GitHub/TM-SGNL-Android/app/libs/androidcopysdk-signal/sources/com/tm/androidcopysdk/converter/MessageDetailsConverter.java","FOUND","Remaining reference found"
2025-05-18 13:08:43,WARN,AUDIT,"/home/john/Documents/GitHub/TM-SGNL-Android/app/libs/androidcopysdk-signal/sources/com/tm/androidcopysdk/database/ArchiveMessageDao.java","FOUND","Remaining reference found"
2025-05-18 13:08:43,WARN,AUDIT,"/home/john/Documents/GitHub/TM-SGNL-Android/app/libs/androidcopysdk-signal/sources/com/tm/androidcopysdk/database/ArchiveMessageHeaderDao.java","FOUND","Remaining reference found"
2025-05-18 13:08:43,WARN,AUDIT,"/home/john/Documents/GitHub/TM-SGNL-Android/app/libs/androidcopysdk-signal/sources/com/tm/androidcopysdk/database/DBEventsContract.java","FOUND","Remaining reference found"
2025-05-18 13:08:43,WARN,AUDIT,"/home/john/Documents/GitHub/TM-SGNL-Android/app/libs/androidcopysdk-signal/sources/com/tm/androidcopysdk/database/DBEventsContractSignal.java","FOUND","Remaining reference found"
2025-05-18 13:08:43,WARN,AUDIT,"/home/john/Documents/GitHub/TM-SGNL-Android/app/libs/androidcopysdk-signal/sources/com/tm/androidcopysdk/database/DBHeadersTable.java","FOUND","Remaining reference found"
2025-05-18 13:08:43,WARN,AUDIT,"/home/john/Documents/GitHub/TM-SGNL-Android/app/libs/androidcopysdk-signal/sources/com/tm/androidcopysdk/database/DBKeepAliveQueryHelper.java","FOUND","Remaining reference found"
2025-05-18 13:08:43,WARN,AUDIT,"/home/john/Documents/GitHub/TM-SGNL-Android/app/libs/androidcopysdk-signal/sources/com/tm/androidcopysdk/database/DBMessagesContract.java","FOUND","Remaining reference found"
2025-05-18 13:08:43,WARN,AUDIT,"/home/john/Documents/GitHub/TM-SGNL-Android/app/libs/androidcopysdk-signal/sources/com/tm/androidcopysdk/database/DBMessagesContractSignal.java","FOUND","Remaining reference found"
2025-05-18 13:08:43,WARN,AUDIT,"/home/john/Documents/GitHub/TM-SGNL-Android/app/libs/androidcopysdk-signal/sources/com/tm/androidcopysdk/database/DBMessagesHelper.java","FOUND","Remaining reference found"
2025-05-18 13:08:43,WARN,AUDIT,"/home/john/Documents/GitHub/TM-SGNL-Android/app/libs/androidcopysdk-signal/sources/com/tm/androidcopysdk/database/DBMessagesHelperSignal.java","FOUND","Remaining reference found"
2025-05-18 13:08:43,WARN,AUDIT,"/home/john/Documents/GitHub/TM-SGNL-Android/app/libs/androidcopysdk-signal/sources/com/tm/androidcopysdk/database/DefaultArchiveDatabase.java","FOUND","Remaining reference found"
2025-05-18 13:08:43,WARN,AUDIT,"/home/john/Documents/GitHub/TM-SGNL-Android/app/libs/androidcopysdk-signal/sources/com/tm/androidcopysdk/database/MessageContentProvider.java","FOUND","Remaining reference found"
2025-05-18 13:08:43,WARN,AUDIT,"/home/john/Documents/GitHub/TM-SGNL-Android/app/libs/androidcopysdk-signal/sources/com/tm/androidcopysdk/database/SQLFactory.java","FOUND","Remaining reference found"
2025-05-18 13:08:43,WARN,AUDIT,"/home/john/Documents/GitHub/TM-SGNL-Android/app/libs/androidcopysdk-signal/sources/com/tm/androidcopysdk/database/SqlCipherLibraryLoader.java","FOUND","Remaining reference found"
2025-05-18 13:08:43,WARN,AUDIT,"/home/john/Documents/GitHub/TM-SGNL-Android/app/libs/androidcopysdk-signal/sources/com/tm/androidcopysdk/database/UriUtils.java","FOUND","Remaining reference found"
2025-05-18 13:08:43,WARN,AUDIT,"/home/john/Documents/GitHub/TM-SGNL-Android/app/libs/androidcopysdk-signal/sources/com/tm/androidcopysdk/device/AbstractFiler.java","FOUND","Remaining reference found"
2025-05-18 13:08:43,WARN,AUDIT,"/home/john/Documents/GitHub/TM-SGNL-Android/app/libs/androidcopysdk-signal/sources/com/tm/androidcopysdk/device/ArchiveMessagesProcessor.java","FOUND","Remaining reference found"
2025-05-18 13:08:43,WARN,AUDIT,"/home/john/Documents/GitHub/TM-SGNL-Android/app/libs/androidcopysdk-signal/sources/com/tm/androidcopysdk/device/DefaultMessageStoreObserver.java","FOUND","Remaining reference found"
2025-05-18 13:08:43,WARN,AUDIT,"/home/john/Documents/GitHub/TM-SGNL-Android/app/libs/androidcopysdk-signal/sources/com/tm/androidcopysdk/device/MessageStoreProcessor.java","FOUND","Remaining reference found"
2025-05-18 13:08:43,WARN,AUDIT,"/home/john/Documents/GitHub/TM-SGNL-Android/app/libs/androidcopysdk-signal/sources/com/tm/androidcopysdk/device/PcmAudioFileDecoder.java","FOUND","Remaining reference found"
2025-05-18 13:08:43,WARN,AUDIT,"/home/john/Documents/GitHub/TM-SGNL-Android/app/libs/androidcopysdk-signal/sources/com/tm/androidcopysdk/device/PcmAudioFileDecoderKt.java","FOUND","Remaining reference found"
2025-05-18 13:08:43,WARN,AUDIT,"/home/john/Documents/GitHub/TM-SGNL-Android/app/libs/androidcopysdk-signal/sources/com/tm/androidcopysdk/device/SdkMigrator.java","FOUND","Remaining reference found"
2025-05-18 13:08:43,WARN,AUDIT,"/home/john/Documents/GitHub/TM-SGNL-Android/app/libs/androidcopysdk-signal/sources/com/tm/androidcopysdk/device/SendSignatureProcessor.java","FOUND","Remaining reference found"
2025-05-18 13:08:43,WARN,AUDIT,"/home/john/Documents/GitHub/TM-SGNL-Android/app/libs/androidcopysdk-signal/sources/com/tm/androidcopysdk/events/AlertEvent.java","FOUND","Remaining reference found"
2025-05-18 13:08:43,WARN,AUDIT,"/home/john/Documents/GitHub/TM-SGNL-Android/app/libs/androidcopysdk-signal/sources/com/tm/androidcopysdk/events/AutoRecordingIsOff.java","FOUND","Remaining reference found"
2025-05-18 13:08:43,WARN,AUDIT,"/home/john/Documents/GitHub/TM-SGNL-Android/app/libs/androidcopysdk-signal/sources/com/tm/androidcopysdk/events/BatterySDKEvent.java","FOUND","Remaining reference found"
2025-05-18 13:08:43,WARN,AUDIT,"/home/john/Documents/GitHub/TM-SGNL-Android/app/libs/androidcopysdk-signal/sources/com/tm/androidcopysdk/events/ChangeSimCardBackEvent.java","FOUND","Remaining reference found"
2025-05-18 13:08:43,WARN,AUDIT,"/home/john/Documents/GitHub/TM-SGNL-Android/app/libs/androidcopysdk-signal/sources/com/tm/androidcopysdk/events/ChangedSimCardEvent.java","FOUND","Remaining reference found"
2025-05-18 13:08:43,WARN,AUDIT,"/home/john/Documents/GitHub/TM-SGNL-Android/app/libs/androidcopysdk-signal/sources/com/tm/androidcopysdk/events/ConvertedFailed.java","FOUND","Remaining reference found"
2025-05-18 13:08:43,WARN,AUDIT,"/home/john/Documents/GitHub/TM-SGNL-Android/app/libs/androidcopysdk-signal/sources/com/tm/androidcopysdk/events/DualSimWasRemoved.java","FOUND","Remaining reference found"
2025-05-18 13:08:43,WARN,AUDIT,"/home/john/Documents/GitHub/TM-SGNL-Android/app/libs/androidcopysdk-signal/sources/com/tm/androidcopysdk/events/EventAbsObj.java","FOUND","Remaining reference found"
2025-05-18 13:08:43,WARN,AUDIT,"/home/john/Documents/GitHub/TM-SGNL-Android/app/libs/androidcopysdk-signal/sources/com/tm/androidcopysdk/events/EventController.java","FOUND","Remaining reference found"
2025-05-18 13:08:43,WARN,AUDIT,"/home/john/Documents/GitHub/TM-SGNL-Android/app/libs/androidcopysdk-signal/sources/com/tm/androidcopysdk/events/EventFactory.java","FOUND","Remaining reference found"
2025-05-18 13:08:43,WARN,AUDIT,"/home/john/Documents/GitHub/TM-SGNL-Android/app/libs/androidcopysdk-signal/sources/com/tm/androidcopysdk/events/EventService.java","FOUND","Remaining reference found"
2025-05-18 13:08:43,WARN,AUDIT,"/home/john/Documents/GitHub/TM-SGNL-Android/app/libs/androidcopysdk-signal/sources/com/tm/androidcopysdk/events/EventsAPI.java","FOUND","Remaining reference found"
2025-05-18 13:08:43,WARN,AUDIT,"/home/john/Documents/GitHub/TM-SGNL-Android/app/libs/androidcopysdk-signal/sources/com/tm/androidcopysdk/events/EventsAPIobj.java","FOUND","Remaining reference found"
2025-05-18 13:08:43,WARN,AUDIT,"/home/john/Documents/GitHub/TM-SGNL-Android/app/libs/androidcopysdk-signal/sources/com/tm/androidcopysdk/events/FailedRecordingsEvent.java","FOUND","Remaining reference found"
2025-05-18 13:08:43,WARN,AUDIT,"/home/john/Documents/GitHub/TM-SGNL-Android/app/libs/androidcopysdk-signal/sources/com/tm/androidcopysdk/events/IdleEvent.java","FOUND","Remaining reference found"
2025-05-18 13:08:43,WARN,AUDIT,"/home/john/Documents/GitHub/TM-SGNL-Android/app/libs/androidcopysdk-signal/sources/com/tm/androidcopysdk/events/InstallEvent.java","FOUND","Remaining reference found"
2025-05-18 13:08:43,WARN,AUDIT,"/home/john/Documents/GitHub/TM-SGNL-Android/app/libs/androidcopysdk-signal/sources/com/tm/androidcopysdk/events/InstallEventAPI.java","FOUND","Remaining reference found"
2025-05-18 13:08:43,WARN,AUDIT,"/home/john/Documents/GitHub/TM-SGNL-Android/app/libs/androidcopysdk-signal/sources/com/tm/androidcopysdk/events/LowStorageEvent.java","FOUND","Remaining reference found"
2025-05-18 13:08:43,WARN,AUDIT,"/home/john/Documents/GitHub/TM-SGNL-Android/app/libs/androidcopysdk-signal/sources/com/tm/androidcopysdk/events/MissingFolderEvent.java","FOUND","Remaining reference found"
2025-05-18 13:08:43,WARN,AUDIT,"/home/john/Documents/GitHub/TM-SGNL-Android/app/libs/androidcopysdk-signal/sources/com/tm/androidcopysdk/events/MissingPermissionsEvent.java","FOUND","Remaining reference found"
2025-05-18 13:08:43,WARN,AUDIT,"/home/john/Documents/GitHub/TM-SGNL-Android/app/libs/androidcopysdk-signal/sources/com/tm/androidcopysdk/events/NoSupportForCallRecordingEvent.java","FOUND","Remaining reference found"
2025-05-18 13:08:43,WARN,AUDIT,"/home/john/Documents/GitHub/TM-SGNL-Android/app/libs/androidcopysdk-signal/sources/com/tm/androidcopysdk/events/PeriodicEventChecker.java","FOUND","Remaining reference found"
2025-05-18 13:08:43,WARN,AUDIT,"/home/john/Documents/GitHub/TM-SGNL-Android/app/libs/androidcopysdk-signal/sources/com/tm/androidcopysdk/events/RecordingTerminatedDuringTheCallEvent.java","FOUND","Remaining reference found"
2025-05-18 13:08:43,WARN,AUDIT,"/home/john/Documents/GitHub/TM-SGNL-Android/app/libs/androidcopysdk-signal/sources/com/tm/androidcopysdk/events/SimRemovedWithoutLogout.java","FOUND","Remaining reference found"
2025-05-18 13:08:43,WARN,AUDIT,"/home/john/Documents/GitHub/TM-SGNL-Android/app/libs/androidcopysdk-signal/sources/com/tm/androidcopysdk/events/StartRecordEvent.java","FOUND","Remaining reference found"
2025-05-18 13:08:43,WARN,AUDIT,"/home/john/Documents/GitHub/TM-SGNL-Android/app/libs/androidcopysdk-signal/sources/com/tm/androidcopysdk/events/StopRecordEvent.java","FOUND","Remaining reference found"
2025-05-18 13:08:43,WARN,AUDIT,"/home/john/Documents/GitHub/TM-SGNL-Android/app/libs/androidcopysdk-signal/sources/com/tm/androidcopysdk/events/UninstallEvent.java","FOUND","Remaining reference found"
2025-05-18 13:08:43,WARN,AUDIT,"/home/john/Documents/GitHub/TM-SGNL-Android/app/libs/androidcopysdk-signal/sources/com/tm/androidcopysdk/events/UpdateUserEvent.java","FOUND","Remaining reference found"
2025-05-18 13:08:44,WARN,AUDIT,"/home/john/Documents/GitHub/TM-SGNL-Android/app/libs/androidcopysdk-signal/sources/com/tm/androidcopysdk/events/UpdateVersionEvent.java","FOUND","Remaining reference found"
2025-05-18 13:08:44,WARN,AUDIT,"/home/john/Documents/GitHub/TM-SGNL-Android/app/libs/androidcopysdk-signal/sources/com/tm/androidcopysdk/firebas_realtime_db/RealTimeDbListener.java","FOUND","Remaining reference found"
2025-05-18 13:08:44,WARN,AUDIT,"/home/john/Documents/GitHub/TM-SGNL-Android/app/libs/androidcopysdk-signal/sources/com/tm/androidcopysdk/model/ArchiveAttachment.java","FOUND","Remaining reference found"
2025-05-18 13:08:44,WARN,AUDIT,"/home/john/Documents/GitHub/TM-SGNL-Android/app/libs/androidcopysdk-signal/sources/com/tm/androidcopysdk/model/ArchiveAttachmentType.java","FOUND","Remaining reference found"
2025-05-18 13:08:44,WARN,AUDIT,"/home/john/Documents/GitHub/TM-SGNL-Android/app/libs/androidcopysdk-signal/sources/com/tm/androidcopysdk/model/ArchiveCallInfo.java","FOUND","Remaining reference found"
2025-05-18 13:08:44,WARN,AUDIT,"/home/john/Documents/GitHub/TM-SGNL-Android/app/libs/androidcopysdk-signal/sources/com/tm/androidcopysdk/model/ArchiveChat.java","FOUND","Remaining reference found"
2025-05-18 13:08:44,WARN,AUDIT,"/home/john/Documents/GitHub/TM-SGNL-Android/app/libs/androidcopysdk-signal/sources/com/tm/androidcopysdk/model/ArchiveEventInfo.java","FOUND","Remaining reference found"
2025-05-18 13:08:44,WARN,AUDIT,"/home/john/Documents/GitHub/TM-SGNL-Android/app/libs/androidcopysdk-signal/sources/com/tm/androidcopysdk/model/ArchiveEventType.java","FOUND","Remaining reference found"
2025-05-18 13:08:44,WARN,AUDIT,"/home/john/Documents/GitHub/TM-SGNL-Android/app/libs/androidcopysdk-signal/sources/com/tm/androidcopysdk/model/ArchiveMessage.java","FOUND","Remaining reference found"
2025-05-18 13:08:44,WARN,AUDIT,"/home/john/Documents/GitHub/TM-SGNL-Android/app/libs/androidcopysdk-signal/sources/com/tm/androidcopysdk/model/ArchiveMessageContext.java","FOUND","Remaining reference found"
2025-05-18 13:08:44,WARN,AUDIT,"/home/john/Documents/GitHub/TM-SGNL-Android/app/libs/androidcopysdk-signal/sources/com/tm/androidcopysdk/model/ArchiveMessageEdit.java","FOUND","Remaining reference found"
2025-05-18 13:08:44,WARN,AUDIT,"/home/john/Documents/GitHub/TM-SGNL-Android/app/libs/androidcopysdk-signal/sources/com/tm/androidcopysdk/model/ArchiveMessageHeader.java","FOUND","Remaining reference found"
2025-05-18 13:08:44,WARN,AUDIT,"/home/john/Documents/GitHub/TM-SGNL-Android/app/libs/androidcopysdk-signal/sources/com/tm/androidcopysdk/model/ArchiveMessageIdentifier.java","FOUND","Remaining reference found"
2025-05-18 13:08:44,WARN,AUDIT,"/home/john/Documents/GitHub/TM-SGNL-Android/app/libs/androidcopysdk-signal/sources/com/tm/androidcopysdk/model/ArchiveMessageType.java","FOUND","Remaining reference found"
2025-05-18 13:08:44,WARN,AUDIT,"/home/john/Documents/GitHub/TM-SGNL-Android/app/libs/androidcopysdk-signal/sources/com/tm/androidcopysdk/model/ArchiveRecipient.java","FOUND","Remaining reference found"
2025-05-18 13:08:44,WARN,AUDIT,"/home/john/Documents/GitHub/TM-SGNL-Android/app/libs/androidcopysdk-signal/sources/com/tm/androidcopysdk/model/ArchiveSettings.java","FOUND","Remaining reference found"
2025-05-18 13:08:44,WARN,AUDIT,"/home/john/Documents/GitHub/TM-SGNL-Android/app/libs/androidcopysdk-signal/sources/com/tm/androidcopysdk/model/CallAnswerType.java","FOUND","Remaining reference found"
2025-05-18 13:08:44,WARN,AUDIT,"/home/john/Documents/GitHub/TM-SGNL-Android/app/libs/androidcopysdk-signal/sources/com/tm/androidcopysdk/model/CallRtcMode.java","FOUND","Remaining reference found"
2025-05-18 13:08:44,WARN,AUDIT,"/home/john/Documents/GitHub/TM-SGNL-Android/app/libs/androidcopysdk-signal/sources/com/tm/androidcopysdk/model/ChatType.java","FOUND","Remaining reference found"
2025-05-18 13:08:44,WARN,AUDIT,"/home/john/Documents/GitHub/TM-SGNL-Android/app/libs/androidcopysdk-signal/sources/com/tm/androidcopysdk/model/ClientType.java","FOUND","Remaining reference found"
2025-05-18 13:08:44,WARN,AUDIT,"/home/john/Documents/GitHub/TM-SGNL-Android/app/libs/androidcopysdk-signal/sources/com/tm/androidcopysdk/model/Direction.java","FOUND","Remaining reference found"
2025-05-18 13:08:44,WARN,AUDIT,"/home/john/Documents/GitHub/TM-SGNL-Android/app/libs/androidcopysdk-signal/sources/com/tm/androidcopysdk/model/MessageAttachmentStatus.java","FOUND","Remaining reference found"
2025-05-18 13:08:44,WARN,AUDIT,"/home/john/Documents/GitHub/TM-SGNL-Android/app/libs/androidcopysdk-signal/sources/com/tm/androidcopysdk/model/MessageStatus.java","FOUND","Remaining reference found"
2025-05-18 13:08:44,WARN,AUDIT,"/home/john/Documents/GitHub/TM-SGNL-Android/app/libs/androidcopysdk-signal/sources/com/tm/androidcopysdk/model/TimeUnit.java","FOUND","Remaining reference found"
2025-05-18 13:08:44,WARN,AUDIT,"/home/john/Documents/GitHub/TM-SGNL-Android/app/libs/androidcopysdk-signal/sources/com/tm/androidcopysdk/model/Timestamp.java","FOUND","Remaining reference found"
2025-05-18 13:08:44,WARN,AUDIT,"/home/john/Documents/GitHub/TM-SGNL-Android/app/libs/androidcopysdk-signal/sources/com/tm/androidcopysdk/model/resource/ResourceStatus.java","FOUND","Remaining reference found"
2025-05-18 13:08:44,WARN,AUDIT,"/home/john/Documents/GitHub/TM-SGNL-Android/app/libs/androidcopysdk-signal/sources/com/tm/androidcopysdk/network/AndroidCopyServerAPI.java","FOUND","Remaining reference found"
2025-05-18 13:08:44,WARN,AUDIT,"/home/john/Documents/GitHub/TM-SGNL-Android/app/libs/androidcopysdk-signal/sources/com/tm/androidcopysdk/network/Attachment.java","FOUND","Remaining reference found"
2025-05-18 13:08:44,WARN,AUDIT,"/home/john/Documents/GitHub/TM-SGNL-Android/app/libs/androidcopysdk-signal/sources/com/tm/androidcopysdk/network/AuthententicationDetails.java","FOUND","Remaining reference found"
2025-05-18 13:08:44,WARN,AUDIT,"/home/john/Documents/GitHub/TM-SGNL-Android/app/libs/androidcopysdk-signal/sources/com/tm/androidcopysdk/network/AuthententicationDetails2.java","FOUND","Remaining reference found"
2025-05-18 13:08:44,WARN,AUDIT,"/home/john/Documents/GitHub/TM-SGNL-Android/app/libs/androidcopysdk-signal/sources/com/tm/androidcopysdk/network/AuthenticationDetails.java","FOUND","Remaining reference found"
2025-05-18 13:08:44,WARN,AUDIT,"/home/john/Documents/GitHub/TM-SGNL-Android/app/libs/androidcopysdk-signal/sources/com/tm/androidcopysdk/network/Base/ServerBaseResponse.java","FOUND","Remaining reference found"
2025-05-18 13:08:44,WARN,AUDIT,"/home/john/Documents/GitHub/TM-SGNL-Android/app/libs/androidcopysdk-signal/sources/com/tm/androidcopysdk/network/BodyBase.java","FOUND","Remaining reference found"
2025-05-18 13:08:44,WARN,AUDIT,"/home/john/Documents/GitHub/TM-SGNL-Android/app/libs/androidcopysdk-signal/sources/com/tm/androidcopysdk/network/CallLogMessageRecorder.java","FOUND","Remaining reference found"
2025-05-18 13:08:44,WARN,AUDIT,"/home/john/Documents/GitHub/TM-SGNL-Android/app/libs/androidcopysdk-signal/sources/com/tm/androidcopysdk/network/CallRequestBody.java","FOUND","Remaining reference found"
2025-05-18 13:08:44,WARN,AUDIT,"/home/john/Documents/GitHub/TM-SGNL-Android/app/libs/androidcopysdk-signal/sources/com/tm/androidcopysdk/network/ContactName.java","FOUND","Remaining reference found"
2025-05-18 13:08:44,WARN,AUDIT,"/home/john/Documents/GitHub/TM-SGNL-Android/app/libs/androidcopysdk-signal/sources/com/tm/androidcopysdk/network/DateConverter.java","FOUND","Remaining reference found"
2025-05-18 13:08:44,WARN,AUDIT,"/home/john/Documents/GitHub/TM-SGNL-Android/app/libs/androidcopysdk-signal/sources/com/tm/androidcopysdk/network/DefaultNetworkProvider.java","FOUND","Remaining reference found"
2025-05-18 13:08:44,WARN,AUDIT,"/home/john/Documents/GitHub/TM-SGNL-Android/app/libs/androidcopysdk-signal/sources/com/tm/androidcopysdk/network/EnaMmsRequestBody.java","FOUND","Remaining reference found"
2025-05-18 13:08:44,WARN,AUDIT,"/home/john/Documents/GitHub/TM-SGNL-Android/app/libs/androidcopysdk-signal/sources/com/tm/androidcopysdk/network/EnrichedContact.java","FOUND","Remaining reference found"
2025-05-18 13:08:44,WARN,AUDIT,"/home/john/Documents/GitHub/TM-SGNL-Android/app/libs/androidcopysdk-signal/sources/com/tm/androidcopysdk/network/EnsureRequest.java","FOUND","Remaining reference found"
2025-05-18 13:08:44,WARN,AUDIT,"/home/john/Documents/GitHub/TM-SGNL-Android/app/libs/androidcopysdk-signal/sources/com/tm/androidcopysdk/network/FileMessages.java","FOUND","Remaining reference found"
2025-05-18 13:08:44,WARN,AUDIT,"/home/john/Documents/GitHub/TM-SGNL-Android/app/libs/androidcopysdk-signal/sources/com/tm/androidcopysdk/network/GetAuthenticationToken.java","FOUND","Remaining reference found"
2025-05-18 13:08:44,WARN,AUDIT,"/home/john/Documents/GitHub/TM-SGNL-Android/app/libs/androidcopysdk-signal/sources/com/tm/androidcopysdk/network/IssueReportMessageBody.java","FOUND","Remaining reference found"
2025-05-18 13:08:44,WARN,AUDIT,"/home/john/Documents/GitHub/TM-SGNL-Android/app/libs/androidcopysdk-signal/sources/com/tm/androidcopysdk/network/JsonScope.java","FOUND","Remaining reference found"
2025-05-18 13:08:44,WARN,AUDIT,"/home/john/Documents/GitHub/TM-SGNL-Android/app/libs/androidcopysdk-signal/sources/com/tm/androidcopysdk/network/JsonWriter.java","FOUND","Remaining reference found"
2025-05-18 13:08:44,WARN,AUDIT,"/home/john/Documents/GitHub/TM-SGNL-Android/app/libs/androidcopysdk-signal/sources/com/tm/androidcopysdk/network/MMSMessageRecorder.java","FOUND","Remaining reference found"
2025-05-18 13:08:44,WARN,AUDIT,"/home/john/Documents/GitHub/TM-SGNL-Android/app/libs/androidcopysdk-signal/sources/com/tm/androidcopysdk/network/Message.java","FOUND","Remaining reference found"
2025-05-18 13:08:44,WARN,AUDIT,"/home/john/Documents/GitHub/TM-SGNL-Android/app/libs/androidcopysdk-signal/sources/com/tm/androidcopysdk/network/MmsRequestBody.java","FOUND","Remaining reference found"
2025-05-18 13:08:44,WARN,AUDIT,"/home/john/Documents/GitHub/TM-SGNL-Android/app/libs/androidcopysdk-signal/sources/com/tm/androidcopysdk/network/NetworkConstance.java","FOUND","Remaining reference found"
2025-05-18 13:08:44,WARN,AUDIT,"/home/john/Documents/GitHub/TM-SGNL-Android/app/libs/androidcopysdk-signal/sources/com/tm/androidcopysdk/network/NetworkManager.java","FOUND","Remaining reference found"
2025-05-18 13:08:44,WARN,AUDIT,"/home/john/Documents/GitHub/TM-SGNL-Android/app/libs/androidcopysdk-signal/sources/com/tm/androidcopysdk/network/NetworkManagerAPIUtil.java","FOUND","Remaining reference found"
2025-05-18 13:08:44,WARN,AUDIT,"/home/john/Documents/GitHub/TM-SGNL-Android/app/libs/androidcopysdk-signal/sources/com/tm/androidcopysdk/network/Properities.java","FOUND","Remaining reference found"
2025-05-18 13:08:44,WARN,AUDIT,"/home/john/Documents/GitHub/TM-SGNL-Android/app/libs/androidcopysdk-signal/sources/com/tm/androidcopysdk/network/Reciepients.java","FOUND","Remaining reference found"
2025-05-18 13:08:44,WARN,AUDIT,"/home/john/Documents/GitHub/TM-SGNL-Android/app/libs/androidcopysdk-signal/sources/com/tm/androidcopysdk/network/ReportLogs.java","FOUND","Remaining reference found"
2025-05-18 13:08:44,WARN,AUDIT,"/home/john/Documents/GitHub/TM-SGNL-Android/app/libs/androidcopysdk-signal/sources/com/tm/androidcopysdk/network/ReportMessage.java","FOUND","Remaining reference found"
2025-05-18 13:08:44,WARN,AUDIT,"/home/john/Documents/GitHub/TM-SGNL-Android/app/libs/androidcopysdk-signal/sources/com/tm/androidcopysdk/network/Response.java","FOUND","Remaining reference found"
2025-05-18 13:08:44,WARN,AUDIT,"/home/john/Documents/GitHub/TM-SGNL-Android/app/libs/androidcopysdk-signal/sources/com/tm/androidcopysdk/network/SMSEVENTMessageRecord.java","FOUND","Remaining reference found"
2025-05-18 13:08:44,WARN,AUDIT,"/home/john/Documents/GitHub/TM-SGNL-Android/app/libs/androidcopysdk-signal/sources/com/tm/androidcopysdk/network/SMSMessageRecord.java","FOUND","Remaining reference found"
2025-05-18 13:08:44,WARN,AUDIT,"/home/john/Documents/GitHub/TM-SGNL-Android/app/libs/androidcopysdk-signal/sources/com/tm/androidcopysdk/network/SSLFactoryUtils.java","FOUND","Remaining reference found"
2025-05-18 13:08:44,WARN,AUDIT,"/home/john/Documents/GitHub/TM-SGNL-Android/app/libs/androidcopysdk-signal/sources/com/tm/androidcopysdk/network/SendLogsRequestBody.java","FOUND","Remaining reference found"
2025-05-18 13:08:44,WARN,AUDIT,"/home/john/Documents/GitHub/TM-SGNL-Android/app/libs/androidcopysdk-signal/sources/com/tm/androidcopysdk/network/TMEnsureIPManager.java","FOUND","Remaining reference found"
2025-05-18 13:08:44,WARN,AUDIT,"/home/john/Documents/GitHub/TM-SGNL-Android/app/libs/androidcopysdk-signal/sources/com/tm/androidcopysdk/network/TMUpdateVersionManager.java","FOUND","Remaining reference found"
2025-05-18 13:08:44,WARN,AUDIT,"/home/john/Documents/GitHub/TM-SGNL-Android/app/libs/androidcopysdk-signal/sources/com/tm/androidcopysdk/network/TeleMessageMMSArchive.java","FOUND","Remaining reference found"
2025-05-18 13:08:44,WARN,AUDIT,"/home/john/Documents/GitHub/TM-SGNL-Android/app/libs/androidcopysdk-signal/sources/com/tm/androidcopysdk/network/TelemessageArchiverMessage.java","FOUND","Remaining reference found"
2025-05-18 13:08:44,WARN,AUDIT,"/home/john/Documents/GitHub/TM-SGNL-Android/app/libs/androidcopysdk-signal/sources/com/tm/androidcopysdk/network/UpdateUserResponse.java","FOUND","Remaining reference found"
2025-05-18 13:08:44,WARN,AUDIT,"/home/john/Documents/GitHub/TM-SGNL-Android/app/libs/androidcopysdk-signal/sources/com/tm/androidcopysdk/network/UpdateVersionRequest.java","FOUND","Remaining reference found"
2025-05-18 13:08:44,WARN,AUDIT,"/home/john/Documents/GitHub/TM-SGNL-Android/app/libs/androidcopysdk-signal/sources/com/tm/androidcopysdk/network/UserFields.java","FOUND","Remaining reference found"
2025-05-18 13:08:44,WARN,AUDIT,"/home/john/Documents/GitHub/TM-SGNL-Android/app/libs/androidcopysdk-signal/sources/com/tm/androidcopysdk/network/VersionAutomaticRollOutRequest.java","FOUND","Remaining reference found"
2025-05-18 13:08:44,WARN,AUDIT,"/home/john/Documents/GitHub/TM-SGNL-Android/app/libs/androidcopysdk-signal/sources/com/tm/androidcopysdk/network/appSettings/ServerAppSettingsRequest.java","FOUND","Remaining reference found"
2025-05-18 13:08:44,WARN,AUDIT,"/home/john/Documents/GitHub/TM-SGNL-Android/app/libs/androidcopysdk-signal/sources/com/tm/androidcopysdk/network/appSettings/ServerAppSettingsResponse.java","FOUND","Remaining reference found"
2025-05-18 13:08:44,WARN,AUDIT,"/home/john/Documents/GitHub/TM-SGNL-Android/app/libs/androidcopysdk-signal/sources/com/tm/androidcopysdk/network/appSettings/Settings.java","FOUND","Remaining reference found"
2025-05-18 13:08:44,WARN,AUDIT,"/home/john/Documents/GitHub/TM-SGNL-Android/app/libs/androidcopysdk-signal/sources/com/tm/androidcopysdk/network/appSettings/UpdateEvent.java","FOUND","Remaining reference found"
2025-05-18 13:08:44,WARN,AUDIT,"/home/john/Documents/GitHub/TM-SGNL-Android/app/libs/androidcopysdk-signal/sources/com/tm/androidcopysdk/network/appSettings/WorkerIntentService.java","FOUND","Remaining reference found"
2025-05-18 13:08:44,WARN,AUDIT,"/home/john/Documents/GitHub/TM-SGNL-Android/app/libs/androidcopysdk-signal/sources/com/tm/androidcopysdk/network/interceptor/DefaultHeadersInterceptor.java","FOUND","Remaining reference found"
2025-05-18 13:08:44,WARN,AUDIT,"/home/john/Documents/GitHub/TM-SGNL-Android/app/libs/androidcopysdk-signal/sources/com/tm/androidcopysdk/network/interceptor/LoggingInterceptor.java","FOUND","Remaining reference found"
2025-05-18 13:08:44,WARN,AUDIT,"/home/john/Documents/GitHub/TM-SGNL-Android/app/libs/androidcopysdk-signal/sources/com/tm/androidcopysdk/network/interceptor/NetworkLogLevel.java","FOUND","Remaining reference found"
2025-05-18 13:08:44,WARN,AUDIT,"/home/john/Documents/GitHub/TM-SGNL-Android/app/libs/androidcopysdk-signal/sources/com/tm/androidcopysdk/network/interceptor/SocgenHeadersInterceptor.java","FOUND","Remaining reference found"
2025-05-18 13:08:44,WARN,AUDIT,"/home/john/Documents/GitHub/TM-SGNL-Android/app/libs/androidcopysdk-signal/sources/com/tm/androidcopysdk/network/keepAlive/KeepALiveResponse.java","FOUND","Remaining reference found"
2025-05-18 13:08:44,WARN,AUDIT,"/home/john/Documents/GitHub/TM-SGNL-Android/app/libs/androidcopysdk-signal/sources/com/tm/androidcopysdk/network/keepAlive/KeepAliveEvent.java","FOUND","Remaining reference found"
2025-05-18 13:08:44,WARN,AUDIT,"/home/john/Documents/GitHub/TM-SGNL-Android/app/libs/androidcopysdk-signal/sources/com/tm/androidcopysdk/network/keepAlive/KeepAliveRequest.java","FOUND","Remaining reference found"
2025-05-18 13:08:44,WARN,AUDIT,"/home/john/Documents/GitHub/TM-SGNL-Android/app/libs/androidcopysdk-signal/sources/com/tm/androidcopysdk/network/keepAlive/KeepAliveRequestV3.java","FOUND","Remaining reference found"
2025-05-18 13:08:44,WARN,AUDIT,"/home/john/Documents/GitHub/TM-SGNL-Android/app/libs/androidcopysdk-signal/sources/com/tm/androidcopysdk/network/keepAlive/KeepWorkerIntentService.java","FOUND","Remaining reference found"
2025-05-18 13:08:44,WARN,AUDIT,"/home/john/Documents/GitHub/TM-SGNL-Android/app/libs/androidcopysdk-signal/sources/com/tm/androidcopysdk/recorder/AudioRecordNative.java","FOUND","Remaining reference found"
2025-05-18 13:08:44,WARN,AUDIT,"/home/john/Documents/GitHub/TM-SGNL-Android/app/libs/androidcopysdk-signal/sources/com/tm/androidcopysdk/recorder/IAudioRecorder.java","FOUND","Remaining reference found"
2025-05-18 13:08:44,WARN,AUDIT,"/home/john/Documents/GitHub/TM-SGNL-Android/app/libs/androidcopysdk-signal/sources/com/tm/androidcopysdk/recorder/MyAudioFormat.java","FOUND","Remaining reference found"
2025-05-18 13:08:44,WARN,AUDIT,"/home/john/Documents/GitHub/TM-SGNL-Android/app/libs/androidcopysdk-signal/sources/com/tm/androidcopysdk/recorder/MyAudioRecord.java","FOUND","Remaining reference found"
2025-05-18 13:08:44,WARN,AUDIT,"/home/john/Documents/GitHub/TM-SGNL-Android/app/libs/androidcopysdk-signal/sources/com/tm/androidcopysdk/recorder/NativeWavRecorder.java","FOUND","Remaining reference found"
2025-05-18 13:08:44,WARN,AUDIT,"/home/john/Documents/GitHub/TM-SGNL-Android/app/libs/androidcopysdk-signal/sources/com/tm/androidcopysdk/recorder/RecorderBase.java","FOUND","Remaining reference found"
2025-05-18 13:08:44,WARN,AUDIT,"/home/john/Documents/GitHub/TM-SGNL-Android/app/libs/androidcopysdk-signal/sources/com/tm/androidcopysdk/recorder/RecorderFactory.java","FOUND","Remaining reference found"
2025-05-18 13:08:44,WARN,AUDIT,"/home/john/Documents/GitHub/TM-SGNL-Android/app/libs/androidcopysdk-signal/sources/com/tm/androidcopysdk/recorder/WavAudioRecorder.java","FOUND","Remaining reference found"
2025-05-18 13:08:44,WARN,AUDIT,"/home/john/Documents/GitHub/TM-SGNL-Android/app/libs/androidcopysdk-signal/sources/com/tm/androidcopysdk/recorder/Wave.java","FOUND","Remaining reference found"
2025-05-18 13:08:44,WARN,AUDIT,"/home/john/Documents/GitHub/TM-SGNL-Android/app/libs/androidcopysdk-signal/sources/com/tm/androidcopysdk/recorder/igalCode/IgalAudioRecord.java","FOUND","Remaining reference found"
2025-05-18 13:08:44,WARN,AUDIT,"/home/john/Documents/GitHub/TM-SGNL-Android/app/libs/androidcopysdk-signal/sources/com/tm/androidcopysdk/recorder/igalCode/IgalCallRecorderService.java","FOUND","Remaining reference found"
2025-05-18 13:08:44,WARN,AUDIT,"/home/john/Documents/GitHub/TM-SGNL-Android/app/libs/androidcopysdk-signal/sources/com/tm/androidcopysdk/recorder/igalCode/IgalWavAudioRecorder.java","FOUND","Remaining reference found"
2025-05-18 13:08:44,WARN,AUDIT,"/home/john/Documents/GitHub/TM-SGNL-Android/app/libs/androidcopysdk-signal/sources/com/tm/androidcopysdk/recorder/igalCode/mic/IaglLibLoader.java","FOUND","Remaining reference found"
2025-05-18 13:08:44,WARN,AUDIT,"/home/john/Documents/GitHub/TM-SGNL-Android/app/libs/androidcopysdk-signal/sources/com/tm/androidcopysdk/recorder/igalCode/mic/IgalCallRecorderFromMic.java","FOUND","Remaining reference found"
2025-05-18 13:08:44,WARN,AUDIT,"/home/john/Documents/GitHub/TM-SGNL-Android/app/libs/androidcopysdk-signal/sources/com/tm/androidcopysdk/recorder/igalCode/mic/IgalCallRecorderFromMicHelper.java","FOUND","Remaining reference found"
2025-05-18 13:08:44,WARN,AUDIT,"/home/john/Documents/GitHub/TM-SGNL-Android/app/libs/androidcopysdk-signal/sources/com/tm/androidcopysdk/recorder/igalCode/mic/IgalRecorderHelper.java","FOUND","Remaining reference found"
2025-05-18 13:08:44,WARN,AUDIT,"/home/john/Documents/GitHub/TM-SGNL-Android/app/libs/androidcopysdk-signal/sources/com/tm/androidcopysdk/recorder/mic/CallRecorderFromMic.java","FOUND","Remaining reference found"
2025-05-18 13:08:44,WARN,AUDIT,"/home/john/Documents/GitHub/TM-SGNL-Android/app/libs/androidcopysdk-signal/sources/com/tm/androidcopysdk/recorder/mic/CallRecorderFromMicHelper.java","FOUND","Remaining reference found"
2025-05-18 13:08:44,WARN,AUDIT,"/home/john/Documents/GitHub/TM-SGNL-Android/app/libs/androidcopysdk-signal/sources/com/tm/androidcopysdk/recorder/mic/LibLoader.java","FOUND","Remaining reference found"
2025-05-18 13:08:44,WARN,AUDIT,"/home/john/Documents/GitHub/TM-SGNL-Android/app/libs/androidcopysdk-signal/sources/com/tm/androidcopysdk/recorder/mic/RecorderHelper.java","FOUND","Remaining reference found"
2025-05-18 13:08:44,WARN,AUDIT,"/home/john/Documents/GitHub/TM-SGNL-Android/app/libs/androidcopysdk-signal/sources/com/tm/androidcopysdk/utils/A2PUtils.java","FOUND","Remaining reference found"
2025-05-18 13:08:44,WARN,AUDIT,"/home/john/Documents/GitHub/TM-SGNL-Android/app/libs/androidcopysdk-signal/sources/com/tm/androidcopysdk/utils/Contact.java","FOUND","Remaining reference found"
2025-05-18 13:08:44,WARN,AUDIT,"/home/john/Documents/GitHub/TM-SGNL-Android/app/libs/androidcopysdk-signal/sources/com/tm/androidcopysdk/utils/ContactsUtils.java","FOUND","Remaining reference found"
2025-05-18 13:08:44,WARN,AUDIT,"/home/john/Documents/GitHub/TM-SGNL-Android/app/libs/androidcopysdk-signal/sources/com/tm/androidcopysdk/utils/ContentExtensions$register$1.java","FOUND","Remaining reference found"
2025-05-18 13:08:44,WARN,AUDIT,"/home/john/Documents/GitHub/TM-SGNL-Android/app/libs/androidcopysdk-signal/sources/com/tm/androidcopysdk/utils/ContentExtensions.java","FOUND","Remaining reference found"
2025-05-18 13:08:44,WARN,AUDIT,"/home/john/Documents/GitHub/TM-SGNL-Android/app/libs/androidcopysdk-signal/sources/com/tm/androidcopysdk/utils/DualSimUtils.java","FOUND","Remaining reference found"
2025-05-18 13:08:44,WARN,AUDIT,"/home/john/Documents/GitHub/TM-SGNL-Android/app/libs/androidcopysdk-signal/sources/com/tm/androidcopysdk/utils/FlavorSettings.java","FOUND","Remaining reference found"
2025-05-18 13:08:44,WARN,AUDIT,"/home/john/Documents/GitHub/TM-SGNL-Android/app/libs/androidcopysdk-signal/sources/com/tm/androidcopysdk/utils/FlavorSettingsBase.java","FOUND","Remaining reference found"
2025-05-18 13:08:44,WARN,AUDIT,"/home/john/Documents/GitHub/TM-SGNL-Android/app/libs/androidcopysdk-signal/sources/com/tm/androidcopysdk/utils/IsAliveReceiver.java","FOUND","Remaining reference found"
2025-05-18 13:08:44,WARN,AUDIT,"/home/john/Documents/GitHub/TM-SGNL-Android/app/libs/androidcopysdk-signal/sources/com/tm/androidcopysdk/utils/MDMReceiver.java","FOUND","Remaining reference found"
2025-05-18 13:08:44,WARN,AUDIT,"/home/john/Documents/GitHub/TM-SGNL-Android/app/libs/androidcopysdk-signal/sources/com/tm/androidcopysdk/utils/PhoneValidateResponse.java","FOUND","Remaining reference found"
2025-05-18 13:08:44,WARN,AUDIT,"/home/john/Documents/GitHub/TM-SGNL-Android/app/libs/androidcopysdk-signal/sources/com/tm/androidcopysdk/utils/PrefManager.java","FOUND","Remaining reference found"
2025-05-18 13:08:44,WARN,AUDIT,"/home/john/Documents/GitHub/TM-SGNL-Android/app/libs/androidcopysdk-signal/sources/com/tm/androidcopysdk/utils/PrefManagerConstants.java","FOUND","Remaining reference found"
2025-05-18 13:08:44,WARN,AUDIT,"/home/john/Documents/GitHub/TM-SGNL-Android/app/libs/androidcopysdk-signal/sources/com/tm/androidcopysdk/utils/RuntimeObject.java","FOUND","Remaining reference found"
2025-05-18 13:08:44,WARN,AUDIT,"/home/john/Documents/GitHub/TM-SGNL-Android/app/libs/androidcopysdk-signal/sources/com/tm/androidcopysdk/utils/StartConverEvent.java","FOUND","Remaining reference found"
2025-05-18 13:08:44,WARN,AUDIT,"/home/john/Documents/GitHub/TM-SGNL-Android/app/libs/androidcopysdk-signal/sources/com/tm/androidcopysdk/utils/StringObjects.java","FOUND","Remaining reference found"
2025-05-18 13:08:44,WARN,AUDIT,"/home/john/Documents/GitHub/TM-SGNL-Android/app/libs/androidcopysdk-signal/sources/com/tm/androidcopysdk/utils/StringsFlavorsUtils.java","FOUND","Remaining reference found"
2025-05-18 13:08:44,WARN,AUDIT,"/home/john/Documents/GitHub/TM-SGNL-Android/app/libs/androidcopysdk-signal/sources/com/tm/androidcopysdk/utils/TMCredentialsStore.java","FOUND","Remaining reference found"
2025-05-18 13:08:44,WARN,AUDIT,"/home/john/Documents/GitHub/TM-SGNL-Android/app/libs/androidcopysdk-signal/sources/com/tm/androidcopysdk/version_aoutomatic_rollout/ApplicationVersion.java","FOUND","Remaining reference found"
2025-05-18 13:08:44,WARN,AUDIT,"/home/john/Documents/GitHub/TM-SGNL-Android/app/libs/androidcopysdk-signal/sources/com/tm/androidcopysdk/version_aoutomatic_rollout/VersionAutomaticRollOutManager.java","FOUND","Remaining reference found"
2025-05-18 13:08:44,WARN,AUDIT,"/home/john/Documents/GitHub/TM-SGNL-Android/app/libs/androidcopysdk-signal/sources/com/tm/androidcopysdk/version_aoutomatic_rollout/VersionAutomaticRollOutManagerKt.java","FOUND","Remaining reference found"
2025-05-18 13:08:44,WARN,AUDIT,"/home/john/Documents/GitHub/TM-SGNL-Android/app/libs/androidcopysdk-signal/sources/com/tm/androidcopysdk/version_aoutomatic_rollout/VersionAutomaticRollOutModel.java","FOUND","Remaining reference found"
2025-05-18 13:08:44,WARN,AUDIT,"/home/john/Documents/GitHub/TM-SGNL-Android/app/libs/androidcopysdk-signal/sources/com/tm/androidcopysdk/version_aoutomatic_rollout/VersionAutomaticRollOutWorker.java","FOUND","Remaining reference found"
2025-05-18 13:08:44,WARN,AUDIT,"/home/john/Documents/GitHub/TM-SGNL-Android/app/libs/authenticatorsdk-signal/resources/AndroidManifest.xml","FOUND","Remaining reference found"
2025-05-18 13:08:44,WARN,AUDIT,"/home/john/Documents/GitHub/TM-SGNL-Android/app/libs/authenticatorsdk-signal/resources/res/values/values.xml","FOUND","Remaining reference found"
2025-05-18 13:08:44,WARN,AUDIT,"/home/john/Documents/GitHub/TM-SGNL-Android/app/libs/authenticatorsdk-signal/sources/com/mindorks/retrofit/coroutines/data/api/ApiHelper.java","FOUND","Remaining reference found"
2025-05-18 13:08:44,WARN,AUDIT,"/home/john/Documents/GitHub/TM-SGNL-Android/app/libs/authenticatorsdk-signal/sources/com/mindorks/retrofit/coroutines/data/api/ApiService.java","FOUND","Remaining reference found"
2025-05-18 13:08:44,WARN,AUDIT,"/home/john/Documents/GitHub/TM-SGNL-Android/app/libs/authenticatorsdk-signal/sources/com/tm/authenticatorsdk/AppSignatureHelper.java","FOUND","Remaining reference found"
2025-05-18 13:08:44,WARN,AUDIT,"/home/john/Documents/GitHub/TM-SGNL-Android/app/libs/authenticatorsdk-signal/sources/com/tm/authenticatorsdk/BuildConfig.java","FOUND","Remaining reference found"
2025-05-18 13:08:44,WARN,AUDIT,"/home/john/Documents/GitHub/TM-SGNL-Android/app/libs/authenticatorsdk-signal/sources/com/tm/authenticatorsdk/mamsdk/AppAccount.java","FOUND","Remaining reference found"
2025-05-18 13:08:44,WARN,AUDIT,"/home/john/Documents/GitHub/TM-SGNL-Android/app/libs/authenticatorsdk-signal/sources/com/tm/authenticatorsdk/mamsdk/AppSettings.java","FOUND","Remaining reference found"
2025-05-18 13:08:44,WARN,AUDIT,"/home/john/Documents/GitHub/TM-SGNL-Android/app/libs/authenticatorsdk-signal/sources/com/tm/authenticatorsdk/mamsdk/AuthenticationCallback.java","FOUND","Remaining reference found"
2025-05-18 13:08:44,WARN,AUDIT,"/home/john/Documents/GitHub/TM-SGNL-Android/app/libs/authenticatorsdk-signal/sources/com/tm/authenticatorsdk/mamsdk/IMDMAuthenticator.java","FOUND","Remaining reference found"
2025-05-18 13:08:44,WARN,AUDIT,"/home/john/Documents/GitHub/TM-SGNL-Android/app/libs/authenticatorsdk-signal/sources/com/tm/authenticatorsdk/mamsdk/MDMAuthenticator$manageNetwork$1.java","FOUND","Remaining reference found"
2025-05-18 13:08:44,WARN,AUDIT,"/home/john/Documents/GitHub/TM-SGNL-Android/app/libs/authenticatorsdk-signal/sources/com/tm/authenticatorsdk/mamsdk/MDMAuthenticator.java","FOUND","Remaining reference found"
2025-05-18 13:08:44,WARN,AUDIT,"/home/john/Documents/GitHub/TM-SGNL-Android/app/libs/authenticatorsdk-signal/sources/com/tm/authenticatorsdk/mamsdk/MDMAuthenticatorKt.java","FOUND","Remaining reference found"
2025-05-18 13:08:44,WARN,AUDIT,"/home/john/Documents/GitHub/TM-SGNL-Android/app/libs/authenticatorsdk-signal/sources/com/tm/authenticatorsdk/mamsdk/MSALUtil.java","FOUND","Remaining reference found"
2025-05-18 13:08:44,WARN,AUDIT,"/home/john/Documents/GitHub/TM-SGNL-Android/app/libs/authenticatorsdk-signal/sources/com/tm/authenticatorsdk/mamsdk/network/AuthMDMRepository$ensureIP$2.java","FOUND","Remaining reference found"
2025-05-18 13:08:44,WARN,AUDIT,"/home/john/Documents/GitHub/TM-SGNL-Android/app/libs/authenticatorsdk-signal/sources/com/tm/authenticatorsdk/mamsdk/network/AuthMDMRepository.java","FOUND","Remaining reference found"
2025-05-18 13:08:44,WARN,AUDIT,"/home/john/Documents/GitHub/TM-SGNL-Android/app/libs/authenticatorsdk-signal/sources/com/tm/authenticatorsdk/mamsdk/network/MDMAuthenticationAPI.java","FOUND","Remaining reference found"
2025-05-18 13:08:44,WARN,AUDIT,"/home/john/Documents/GitHub/TM-SGNL-Android/app/libs/authenticatorsdk-signal/sources/com/tm/authenticatorsdk/mamsdk/network/RequestBody.java","FOUND","Remaining reference found"
2025-05-18 13:08:44,WARN,AUDIT,"/home/john/Documents/GitHub/TM-SGNL-Android/app/libs/authenticatorsdk-signal/sources/com/tm/authenticatorsdk/mamsdk/network/ResponseBody.java","FOUND","Remaining reference found"
2025-05-18 13:08:44,WARN,AUDIT,"/home/john/Documents/GitHub/TM-SGNL-Android/app/libs/authenticatorsdk-signal/sources/com/tm/authenticatorsdk/mamsdk/network/UserFields.java","FOUND","Remaining reference found"
2025-05-18 13:08:44,WARN,AUDIT,"/home/john/Documents/GitHub/TM-SGNL-Android/app/libs/authenticatorsdk-signal/sources/com/tm/authenticatorsdk/selfAuthenticator/AuthenticationAppType.java","FOUND","Remaining reference found"
2025-05-18 13:08:44,WARN,AUDIT,"/home/john/Documents/GitHub/TM-SGNL-Android/app/libs/authenticatorsdk-signal/sources/com/tm/authenticatorsdk/selfAuthenticator/AuthenticatorConstants.java","FOUND","Remaining reference found"
2025-05-18 13:08:44,WARN,AUDIT,"/home/john/Documents/GitHub/TM-SGNL-Android/app/libs/authenticatorsdk-signal/sources/com/tm/authenticatorsdk/selfAuthenticator/FCMUtils.java","FOUND","Remaining reference found"
2025-05-18 13:08:44,WARN,AUDIT,"/home/john/Documents/GitHub/TM-SGNL-Android/app/libs/authenticatorsdk-signal/sources/com/tm/authenticatorsdk/selfAuthenticator/IAuthenticationStatus.java","FOUND","Remaining reference found"
2025-05-18 13:08:44,WARN,AUDIT,"/home/john/Documents/GitHub/TM-SGNL-Android/app/libs/authenticatorsdk-signal/sources/com/tm/authenticatorsdk/selfAuthenticator/IEnsureIpDataArrived.java","FOUND","Remaining reference found"
2025-05-18 13:08:44,WARN,AUDIT,"/home/john/Documents/GitHub/TM-SGNL-Android/app/libs/authenticatorsdk-signal/sources/com/tm/authenticatorsdk/selfAuthenticator/IFCMTokenArrived.java","FOUND","Remaining reference found"
2025-05-18 13:08:44,WARN,AUDIT,"/home/john/Documents/GitHub/TM-SGNL-Android/app/libs/authenticatorsdk-signal/sources/com/tm/authenticatorsdk/selfAuthenticator/IOnCredentialsArrived.java","FOUND","Remaining reference found"
2025-05-18 13:08:44,WARN,AUDIT,"/home/john/Documents/GitHub/TM-SGNL-Android/app/libs/authenticatorsdk-signal/sources/com/tm/authenticatorsdk/selfAuthenticator/SelfAuthenticator$getUserCredentials$1.java","FOUND","Remaining reference found"
2025-05-18 13:08:44,WARN,AUDIT,"/home/john/Documents/GitHub/TM-SGNL-Android/app/libs/authenticatorsdk-signal/sources/com/tm/authenticatorsdk/selfAuthenticator/SelfAuthenticator$onFCMTokenArrived$1.java","FOUND","Remaining reference found"
2025-05-18 13:08:45,WARN,AUDIT,"/home/john/Documents/GitHub/TM-SGNL-Android/app/libs/authenticatorsdk-signal/sources/com/tm/authenticatorsdk/selfAuthenticator/SelfAuthenticator.java","FOUND","Remaining reference found"
2025-05-18 13:08:45,WARN,AUDIT,"/home/john/Documents/GitHub/TM-SGNL-Android/app/libs/authenticatorsdk-signal/sources/com/tm/authenticatorsdk/selfAuthenticator/api/ApiUtil.java","FOUND","Remaining reference found"
2025-05-18 13:08:45,WARN,AUDIT,"/home/john/Documents/GitHub/TM-SGNL-Android/app/libs/authenticatorsdk-signal/sources/com/tm/authenticatorsdk/selfAuthenticator/model/RetrieveOTP.java","FOUND","Remaining reference found"
2025-05-18 13:08:45,WARN,AUDIT,"/home/john/Documents/GitHub/TM-SGNL-Android/app/libs/authenticatorsdk-signal/sources/com/tm/authenticatorsdk/selfAuthenticator/model/UpdateUserResponse.java","FOUND","Remaining reference found"
2025-05-18 13:08:45,WARN,AUDIT,"/home/john/Documents/GitHub/TM-SGNL-Android/app/libs/authenticatorsdk-signal/sources/com/tm/authenticatorsdk/selfAuthenticator/model/UserFields.java","FOUND","Remaining reference found"
2025-05-18 13:08:45,WARN,AUDIT,"/home/john/Documents/GitHub/TM-SGNL-Android/app/libs/authenticatorsdk-signal/sources/com/tm/authenticatorsdk/socgen/AuthenticationListener.java","FOUND","Remaining reference found"
2025-05-18 13:08:45,WARN,AUDIT,"/home/john/Documents/GitHub/TM-SGNL-Android/app/libs/authenticatorsdk-signal/sources/com/tm/authenticatorsdk/socgen/AuthenticatorAPI.java","FOUND","Remaining reference found"
2025-05-18 13:08:45,WARN,AUDIT,"/home/john/Documents/GitHub/TM-SGNL-Android/app/libs/authenticatorsdk-signal/sources/com/tm/authenticatorsdk/socgen/AuthenticatorSDK.java","FOUND","Remaining reference found"
2025-05-18 13:08:45,WARN,AUDIT,"/home/john/Documents/GitHub/TM-SGNL-Android/app/libs/authenticatorsdk-signal/sources/com/tm/authenticatorsdk/socgen/ContatcUsFileProvider.java","FOUND","Remaining reference found"
2025-05-18 13:08:45,WARN,AUDIT,"/home/john/Documents/GitHub/TM-SGNL-Android/app/libs/authenticatorsdk-signal/sources/com/tm/authenticatorsdk/socgen/ErrorEvent.java","FOUND","Remaining reference found"
2025-05-18 13:08:45,WARN,AUDIT,"/home/john/Documents/GitHub/TM-SGNL-Android/app/libs/authenticatorsdk-signal/sources/com/tm/authenticatorsdk/socgen/FlavorSettings.java","FOUND","Remaining reference found"
2025-05-18 13:08:45,WARN,AUDIT,"/home/john/Documents/GitHub/TM-SGNL-Android/app/libs/authenticatorsdk-signal/sources/com/tm/authenticatorsdk/socgen/IReadPinFromSmsInterface.java","FOUND","Remaining reference found"
2025-05-18 13:08:45,WARN,AUDIT,"/home/john/Documents/GitHub/TM-SGNL-Android/app/libs/authenticatorsdk-signal/sources/com/tm/authenticatorsdk/socgen/MessageEvent.java","FOUND","Remaining reference found"
2025-05-18 13:08:45,WARN,AUDIT,"/home/john/Documents/GitHub/TM-SGNL-Android/app/libs/authenticatorsdk-signal/sources/com/tm/authenticatorsdk/socgen/NetworkConnectivityListener.java","FOUND","Remaining reference found"
2025-05-18 13:08:45,WARN,AUDIT,"/home/john/Documents/GitHub/TM-SGNL-Android/app/libs/authenticatorsdk-signal/sources/com/tm/authenticatorsdk/socgen/OnAuthNumberReceivedListener.java","FOUND","Remaining reference found"
2025-05-18 13:08:45,WARN,AUDIT,"/home/john/Documents/GitHub/TM-SGNL-Android/app/libs/authenticatorsdk-signal/sources/com/tm/authenticatorsdk/socgen/PinCodeEvent.java","FOUND","Remaining reference found"
2025-05-18 13:08:45,WARN,AUDIT,"/home/john/Documents/GitHub/TM-SGNL-Android/app/libs/authenticatorsdk-signal/sources/com/tm/authenticatorsdk/socgen/PinSMSBroadcastReceiver.java","FOUND","Remaining reference found"
2025-05-18 13:08:45,WARN,AUDIT,"/home/john/Documents/GitHub/TM-SGNL-Android/app/libs/authenticatorsdk-signal/sources/com/tm/authenticatorsdk/socgen/PinSmsHandler.java","FOUND","Remaining reference found"
2025-05-18 13:08:45,WARN,AUDIT,"/home/john/Documents/GitHub/TM-SGNL-Android/app/libs/authenticatorsdk-signal/sources/com/tm/authenticatorsdk/socgen/RetrieveCredentials/MultiUserFields.java","FOUND","Remaining reference found"
2025-05-18 13:08:45,WARN,AUDIT,"/home/john/Documents/GitHub/TM-SGNL-Android/app/libs/authenticatorsdk-signal/sources/com/tm/authenticatorsdk/socgen/RetrieveCredentials/RetrieveCredentialsReq.java","FOUND","Remaining reference found"
2025-05-18 13:08:45,WARN,AUDIT,"/home/john/Documents/GitHub/TM-SGNL-Android/app/libs/authenticatorsdk-signal/sources/com/tm/authenticatorsdk/socgen/RetrieveCredentials/UserResponse.java","FOUND","Remaining reference found"
2025-05-18 13:08:45,WARN,AUDIT,"/home/john/Documents/GitHub/TM-SGNL-Android/app/libs/authenticatorsdk-signal/sources/com/tm/authenticatorsdk/socgen/RetrieveOneTimePin/Response.java","FOUND","Remaining reference found"
2025-05-18 13:08:45,WARN,AUDIT,"/home/john/Documents/GitHub/TM-SGNL-Android/app/libs/authenticatorsdk-signal/sources/com/tm/authenticatorsdk/socgen/RetrieveOneTimePin/RetrieveOneTimePINExtReq.java","FOUND","Remaining reference found"
2025-05-18 13:08:45,WARN,AUDIT,"/home/john/Documents/GitHub/TM-SGNL-Android/app/libs/authenticatorsdk-signal/sources/com/tm/authenticatorsdk/socgen/SMSIncomingReceiver.java","FOUND","Remaining reference found"
2025-05-18 13:08:45,WARN,AUDIT,"/home/john/Documents/GitHub/TM-SGNL-Android/app/libs/authenticatorsdk-signal/sources/com/tm/authenticatorsdk/socgen/UI/ActivationActivity.java","FOUND","Remaining reference found"
2025-05-18 13:08:45,WARN,AUDIT,"/home/john/Documents/GitHub/TM-SGNL-Android/app/libs/authenticatorsdk-signal/sources/com/tm/authenticatorsdk/socgen/UI/SelfSignupActivity.java","FOUND","Remaining reference found"
2025-05-18 13:08:45,WARN,AUDIT,"/home/john/Documents/GitHub/TM-SGNL-Android/app/libs/authenticatorsdk-signal/sources/com/tm/authenticatorsdk/socgen/UI/SignUpBase.java","FOUND","Remaining reference found"
2025-05-18 13:08:45,WARN,AUDIT,"/home/john/Documents/GitHub/TM-SGNL-Android/app/libs/authenticatorsdk-signal/sources/com/tm/authenticatorsdk/socgen/UI/SignupActivity.java","FOUND","Remaining reference found"
2025-05-18 13:08:45,WARN,AUDIT,"/home/john/Documents/GitHub/TM-SGNL-Android/app/libs/authenticatorsdk-signal/sources/com/tm/authenticatorsdk/socgen/signup/CryptoUtil.java","FOUND","Remaining reference found"
2025-05-18 13:08:45,WARN,AUDIT,"/home/john/Documents/GitHub/TM-SGNL-Android/app/libs/authenticatorsdk-signal/sources/com/tm/authenticatorsdk/socgen/signup/SelfSignUpEvent.java","FOUND","Remaining reference found"
2025-05-18 13:08:45,WARN,AUDIT,"/home/john/Documents/GitHub/TM-SGNL-Android/app/libs/authenticatorsdk-signal/sources/com/tm/authenticatorsdk/socgen/signup/SelfSignupService.java","FOUND","Remaining reference found"
2025-05-18 13:08:45,WARN,AUDIT,"/home/john/Documents/GitHub/TM-SGNL-Android/app/libs/authenticatorsdk-signal/sources/com/tm/authenticatorsdk/socgen/signup/SelfSignupWorker.java","FOUND","Remaining reference found"
2025-05-18 13:08:45,WARN,AUDIT,"/home/john/Documents/GitHub/TM-SGNL-Android/app/libs/authenticatorsdk-signal/sources/com/tm/authenticatorsdk/socgen/signup/SignUpManager.java","FOUND","Remaining reference found"
2025-05-18 13:08:45,WARN,AUDIT,"/home/john/Documents/GitHub/TM-SGNL-Android/app/libs/authenticatorsdk-signal/sources/com/tm/authenticatorsdk/socgen/signup/SignupRequest.java","FOUND","Remaining reference found"
2025-05-18 13:08:45,WARN,AUDIT,"/home/john/Documents/GitHub/TM-SGNL-Android/app/libs/authenticatorsdk-signal/sources/com/tm/authenticatorsdk/socgen/signup/SignupResponse.java","FOUND","Remaining reference found"
2025-05-18 13:08:45,WARN,AUDIT,"/home/john/Documents/GitHub/TM-SGNL-Android/app/libs/authenticatorsdk-signal/sources/com/tm/authenticatorsdk/socgen/signup/UserFields.java","FOUND","Remaining reference found"
2025-05-18 13:08:45,WARN,AUDIT,"/home/john/Documents/GitHub/TM-SGNL-Android/app/libs/common/sources/com/tm/utils/Definitions.java","FOUND","Remaining reference found"
2025-05-18 13:08:51,WARN,AUDIT,"/home/john/Documents/GitHub/TM-SGNL-Android/app/src/main/java/org/tm/archive/registration/fragments/RegistrationViewDelegate.kt","FOUND","Remaining reference found"
2025-05-18 13:08:51,WARN,AUDIT,"/home/john/Documents/GitHub/TM-SGNL-Android/app/src/main/java/org/tm/archive/registration/fragments/WelcomeFragment.java","FOUND","Remaining reference found"
2025-05-18 13:08:51,WARN,AUDIT,"/home/john/Documents/GitHub/TM-SGNL-Android/app/src/main/java/org/tm/archive/service/webrtc/SignalCallManager.java","FOUND","Remaining reference found"
2025-05-18 13:08:59,WARN,AUDIT,"/home/john/Documents/GitHub/TM-SGNL-Android/app/src/tm/AndroidManifest.xml","FOUND","Remaining reference found"
2025-05-18 13:08:59,WARN,AUDIT,"/home/john/Documents/GitHub/TM-SGNL-Android/app/src/tm/java/org/selfAuthentication/SelfAuthenticatorManager.kt","FOUND","Remaining reference found"
2025-05-18 13:08:59,WARN,AUDIT,"/home/john/Documents/GitHub/TM-SGNL-Android/app/src/tm/java/org/tm/archive/BaseActivity.kt","FOUND","Remaining reference found"
2025-05-18 13:08:59,WARN,AUDIT,"/home/john/Documents/GitHub/TM-SGNL-Android/app/src/tm/res/values/colors.xml","FOUND","Remaining reference found"
2025-05-18 13:09:04,WARN,AUDIT,"/home/john/Documents/GitHub/TM-SGNL-Android/backup_telemessage_20250518_130837/app/src/tm/java/archiver/converter/SignalArchiveMessageConverter.kt","FOUND","Remaining reference found"
2025-05-18 13:09:04,WARN,AUDIT,"/home/john/Documents/GitHub/TM-SGNL-Android/backup_telemessage_20250518_130837/app/src/tm/java/archiver/converter/SignalArchiveRecipientConverter.kt","FOUND","Remaining reference found"
2025-05-18 13:09:04,WARN,AUDIT,"/home/john/Documents/GitHub/TM-SGNL-Android/backup_telemessage_20250518_130837/app/src/tm/java/archiver/converter/SignalAttachmentConverter.kt","FOUND","Remaining reference found"
2025-05-18 13:09:04,WARN,AUDIT,"/home/john/Documents/GitHub/TM-SGNL-Android/backup_telemessage_20250518_130837/app/src/tm/java/archiver/converter/SignalCallInfoConverter.kt","FOUND","Remaining reference found"
2025-05-18 13:09:04,WARN,AUDIT,"/home/john/Documents/GitHub/TM-SGNL-Android/backup_telemessage_20250518_130837/app/src/tm/java/archiver/converter/SignalChatConverter.kt","FOUND","Remaining reference found"
2025-05-18 13:09:04,WARN,AUDIT,"/home/john/Documents/GitHub/TM-SGNL-Android/backup_telemessage_20250518_130837/app/src/tm/java/archiver/gcm/TeleMessageFcmReceiveService.kt","FOUND","Remaining reference found"
2025-05-18 13:09:04,WARN,AUDIT,"/home/john/Documents/GitHub/TM-SGNL-Android/backup_telemessage_20250518_130837/app/src/tm/java/archiver/data/TeleAttachmentTable.kt","FOUND","Remaining reference found"
2025-05-18 13:09:04,WARN,AUDIT,"/home/john/Documents/GitHub/TM-SGNL-Android/backup_telemessage_20250518_130837/app/src/tm/java/archiver/data/TeleMessageTable.kt","FOUND","Remaining reference found"
2025-05-18 13:09:04,WARN,AUDIT,"/home/john/Documents/GitHub/TM-SGNL-Android/backup_telemessage_20250518_130837/app/src/tm/java/archiver/model/Attachments.kt","FOUND","Remaining reference found"
2025-05-18 13:09:04,WARN,AUDIT,"/home/john/Documents/GitHub/TM-SGNL-Android/backup_telemessage_20250518_130837/app/src/tm/java/archiver/model/Messages.kt","FOUND","Remaining reference found"
2025-05-18 13:09:04,WARN,AUDIT,"/home/john/Documents/GitHub/TM-SGNL-Android/backup_telemessage_20250518_130837/app/src/tm/java/archiver/model/Recipients.kt","FOUND","Remaining reference found"
2025-05-18 13:09:04,WARN,AUDIT,"/home/john/Documents/GitHub/TM-SGNL-Android/backup_telemessage_20250518_130837/app/src/tm/java/archiver/model/SignalFiler.kt","FOUND","Remaining reference found"
2025-05-18 13:09:04,WARN,AUDIT,"/home/john/Documents/GitHub/TM-SGNL-Android/backup_telemessage_20250518_130837/app/src/tm/java/archiver/ArchiveFileUtil.java","FOUND","Remaining reference found"
2025-05-18 13:09:04,WARN,AUDIT,"/home/john/Documents/GitHub/TM-SGNL-Android/backup_telemessage_20250518_130837/app/src/tm/java/archiver/ArchiveSender.kt","FOUND","Remaining reference found"
2025-05-18 13:09:04,WARN,AUDIT,"/home/john/Documents/GitHub/TM-SGNL-Android/backup_telemessage_20250518_130837/app/src/tm/java/archiver/ArchiveUtil.kt","FOUND","Remaining reference found"
2025-05-18 13:09:04,WARN,AUDIT,"/home/john/Documents/GitHub/TM-SGNL-Android/backup_telemessage_20250518_130837/app/src/tm/java/archiver/FCMConnector.kt","FOUND","Remaining reference found"
2025-05-18 13:09:04,WARN,AUDIT,"/home/john/Documents/GitHub/TM-SGNL-Android/backup_telemessage_20250518_130837/app/src/tm/java/archiver/device/TeleMessageSignalCallManager.kt","FOUND","Remaining reference found"
2025-05-18 13:09:04,WARN,AUDIT,"/home/john/Documents/GitHub/TM-SGNL-Android/backup_telemessage_20250518_130837/app/src/tm/java/archiver/annotation/TeleMessageUnfinalize.kt","FOUND","Remaining reference found"
2025-05-18 13:09:04,WARN,AUDIT,"/home/john/Documents/GitHub/TM-SGNL-Android/backup_telemessage_20250518_130837/app/src/tm/java/archiver/di/TeleMessageApplicationDependencyProvider.kt","FOUND","Remaining reference found"
2025-05-18 13:09:04,WARN,AUDIT,"/home/john/Documents/GitHub/TM-SGNL-Android/backup_telemessage_20250518_130837/app/libs/common-debug.aar","FOUND","AAR file not removed"
2025-05-18 13:09:04,WARN,AUDIT,"/home/john/Documents/GitHub/TM-SGNL-Android/backup_telemessage_20250518_130837/app/libs/common-release.aar","FOUND","AAR file not removed"
2025-05-18 13:09:04,WARN,AUDIT,"all","WARNING","343 references found"
